{
  "name": "SVANIA",
  "NO": 63,
  "base_stats": [
    25,
    20,
    15,
    90,
    105,
    17.58
  ],
  "types": [
    "PSICO",
    "PSICO"
  ],
  "expected_level": [
    55,
    1059860
  ],
  "level_up_moves": [
    [
      0,
      [
        "TELETRASPOR.",
        "PSICO",
        20,
        0,
        0,
        100
      ]
    ],
    [
      1,
      [
        "",
        "",
        0,
        0,
        0,
        0
      ]
    ],
    [
      2,
      [
        "",
        "",
        0,
        0,
        0,
        0
      ]
    ],
    [
      3,
      [
        "",
        "",
        0,
        0,
        0,
        0
      ]
    ]
  ]
}