{
  "name": "TRIVEZZPA",
  "NO": 15,
  "base_stats": [
    65,
    80,
    40,
    75,
    45,
    14.65
  ],
  "types": [
    "COLEOTT",
    "VELENO"
  ],
  "expected_level": [
    54,
    1000000
  ],
  "level_up_moves": [
    [
      0,
      [
        "FURIA",
        "NORMALE",
        20,
        15,
        85,
        31
      ]
    ],
    [
      1,
      [
        "",
        "",
        0,
        0,
        0,
        0
      ]
    ],
    [
      2,
      [
        "",
        "",
        0,
        0,
        0,
        0
      ]
    ],
    [
      3,
      [
        "",
        "",
        0,
        0,
        0,
        0
      ]
    ],
    [
      12,
      [
        "FURIA",
        "NORMALE",
        20,
        15,
        85,
        31
      ]
    ],
    [
      16,
      [
        "FOCALENERGIA",
        "NORMALE",
        30,
        0,
        0,
        116
      ]
    ],
    [
      20,
      [
        "DOPPIO AGO",
        "COLEOTT",
        20,
        25,
        100,
        41
      ]
    ],
    [
      25,
      [
        "IRA",
        "NORMALE",
        20,
        20,
        100,
        99
      ]
    ],
    [
      30,
      [
        "MISSILSPILLO",
        "COLEOTT",
        20,
        14,
        85,
        42
      ]
    ],
    [
      35,
      [
        "AGILIT\u00c0",
        "PSICO",
        30,
        0,
        0,
        97
      ]
    ]
  ]
}