{
  "name": "BULBOHSAUR",
  "NO": 1,
  "base_stats": [
    45,
    49,
    49,
    45,
    65,
    8.79
  ],
  "types": [
    "ERBA",
    "VELENO"
  ],
  "expected_level": [
    55,
    1059860
  ],
  "level_up_moves": [
    [
      0,
      [
        "AZIONE",
        "NORMALE",
        35,
        35,
        95,
        33
      ]
    ],
    [
      1,
      [
        "RUGGITO",
        "NORMALE",
        40,
        0,
        100,
        45
      ]
    ],
    [
      2,
      [
        "",
        "",
        0,
        0,
        0,
        0
      ]
    ],
    [
      3,
      [
        "",
        "",
        0,
        0,
        0,
        0
      ]
    ],
    [
      7,
      [
        "PARASSISEME",
        "ERBA",
        10,
        0,
        90,
        73
      ]
    ],
    [
      13,
      [
        "FRUSTATA",
        "ERBA",
        10,
        35,
        100,
        22
      ]
    ],
    [
      20,
      [
        "VELENPOLVERE",
        "VELENO",
        35,
        0,
        75,
        77
      ]
    ],
    [
      27,
      [
        "FOGLIELAMA",
        "ERBA",
        25,
        55,
        95,
        75
      ]
    ],
    [
      34,
      [
        "CRESCITA",
        "NORMALE",
        40,
        0,
        0,
        74
      ]
    ],
    [
      41,
      [
        "SONNIFERO",
        "ERBA",
        15,
        0,
        75,
        79
      ]
    ],
    [
      48,
      [
        "SOLARRAGGIO",
        "ERBA",
        10,
        120,
        100,
        76
      ]
    ]
  ]
}