{
  "name": "BACHETTO",
  "NO": 10,
  "base_stats": [
    45,
    30,
    35,
    45,
    20,
    8.79
  ],
  "types": [
    "COLEOTT",
    "COLEOTT"
  ],
  "expected_level": [
    54,
    1000000
  ],
  "level_up_moves": [
    [
      0,
      [
        "AZIONE",
        "NORMALE",
        35,
        35,
        95,
        33
      ]
    ],
    [
      1,
      [
        "MILLEBAVE",
        "COLEOTT",
        40,
        0,
        95,
        81
      ]
    ],
    [
      2,
      [
        "",
        "",
        0,
        0,
        0,
        0
      ]
    ],
    [
      3,
      [
        "",
        "",
        0,
        0,
        0,
        0
      ]
    ]
  ]
}