{
  "name": "TORRIDRAGO",
  "NO": 6,
  "base_stats": [
    78,
    84,
    78,
    100,
    85,
    19.53
  ],
  "types": [
    "FUOCO",
    "VOLANTE"
  ],
  "expected_level": [
    55,
    1059860
  ],
  "level_up_moves": [
    [
      0,
      [
        "GRAFFIO",
        "NORMALE",
        35,
        40,
        100,
        10
      ]
    ],
    [
      1,
      [
        "RUGGITO",
        "NORMALE",
        40,
        0,
        100,
        45
      ]
    ],
    [
      2,
      [
        "BRACIERE",
        "FUOCO",
        25,
        40,
        100,
        52
      ]
    ],
    [
      3,
      [
        "FULMISGUARDO",
        "NORMALE",
        30,
        0,
        100,
        43
      ]
    ],
    [
      9,
      [
        "BRACIERE",
        "FUOCO",
        25,
        40,
        100,
        52
      ]
    ],
    [
      15,
      [
        "FULMISGUARDO",
        "NORMALE",
        30,
        0,
        100,
        43
      ]
    ],
    [
      24,
      [
        "IRA",
        "NORMALE",
        20,
        20,
        100,
        99
      ]
    ],
    [
      36,
      [
        "LACERAZIONE",
        "NORMALE",
        20,
        70,
        100,
        163
      ]
    ],
    [
      46,
      [
        "LANCIAFIAMME",
        "FUOCO",
        15,
        95,
        100,
        53
      ]
    ],
    [
      55,
      [
        "TURBOFUOCO",
        "FUOCO",
        15,
        15,
        70,
        83
      ]
    ]
  ]
}