{
  "name": "IDEM",
  "NO": 132,
  "base_stats": [
    48,
    48,
    48,
    48,
    48,
    9.38
  ],
  "types": [
    "NORMALE",
    "NORMALE"
  ],
  "expected_level": [
    54,
    1000000
  ],
  "level_up_moves": [
    [
      0,
      [
        "TRASFORMAZ.",
        "NORMALE",
        10,
        0,
        0,
        144
      ]
    ],
    [
      1,
      [
        "",
        "",
        0,
        0,
        0,
        0
      ]
    ],
    [
      2,
      [
        "",
        "",
        0,
        0,
        0,
        0
      ]
    ],
    [
      3,
      [
        "",
        "",
        0,
        0,
        0,
        0
      ]
    ]
  ]
}