{
  "name": "SIMULUMBRA",
  "NO": 94,
  "base_stats": [
    60,
    65,
    60,
    110,
    130,
    21.48
  ],
  "types": [
    "SPETTRO",
    "VELENO"
  ],
  "expected_level": [
    55,
    1059860
  ],
  "level_up_moves": [
    [
      0,
      [
        "LECCATA",
        "SPETTRO",
        30,
        20,
        100,
        122
      ]
    ],
    [
      1,
      [
        "STORDIRAGGIO",
        "SPETTRO",
        10,
        0,
        100,
        109
      ]
    ],
    [
      2,
      [
        "OMBRA NOTT.",
        "SPETTRO",
        15,
        0,
        100,
        101
      ]
    ],
    [
      3,
      [
        "",
        "",
        0,
        0,
        0,
        0
      ]
    ],
    [
      29,
      [
        "IPNOSI",
        "PSICO",
        20,
        0,
        60,
        95
      ]
    ],
    [
      38,
      [
        "MANGIASOGNI",
        "PSICO",
        15,
        100,
        100,
        138
      ]
    ]
  ]
}