{
  "name": "ARFIDO",
  "NO": 58,
  "base_stats": [
    55,
    70,
    45,
    60,
    50,
    11.72
  ],
  "types": [
    "FUOCO",
    "FUOCO"
  ],
  "expected_level": [
    50,
    1250000
  ],
  "level_up_moves": [
    [
      0,
      [
        "MORSO",
        "NORMALE",
        25,
        60,
        100,
        44
      ]
    ],
    [
      1,
      [
        "BOATO",
        "NORMALE",
        20,
        0,
        100,
        46
      ]
    ],
    [
      2,
      [
        "",
        "",
        0,
        0,
        0,
        0
      ]
    ],
    [
      3,
      [
        "",
        "",
        0,
        0,
        0,
        0
      ]
    ],
    [
      18,
      [
        "BRACIERE",
        "FUOCO",
        25,
        40,
        100,
        52
      ]
    ],
    [
      23,
      [
        "FULMISGUARDO",
        "NORMALE",
        30,
        0,
        100,
        43
      ]
    ],
    [
      30,
      [
        "RIDUTTORE",
        "NORMALE",
        20,
        90,
        85,
        36
      ]
    ],
    [
      39,
      [
        "AGILIT\u00c0",
        "PSICO",
        30,
        0,
        0,
        97
      ]
    ],
    [
      50,
      [
        "LANCIAFIAMME",
        "FUOCO",
        15,
        95,
        100,
        53
      ]
    ]
  ]
}