{
  "name": "FULGURAEON",
  "NO": 135,
  "base_stats": [
    65,
    65,
    60,
    130,
    110,
    25.39
  ],
  "types": [
    "ELETTRO",
    "ELETTRO"
  ],
  "expected_level": [
    54,
    1000000
  ],
  "level_up_moves": [
    [
      0,
      [
        "AZIONE",
        "NORMALE",
        35,
        35,
        95,
        33
      ]
    ],
    [
      1,
      [
        "TURBOSABBIA",
        "NORMALE",
        15,
        0,
        100,
        28
      ]
    ],
    [
      2,
      [
        "ATT. RAPIDO",
        "NORMALE",
        30,
        40,
        100,
        98
      ]
    ],
    [
      3,
      [
        "TUONOSHOCK",
        "ELETTRO",
        30,
        40,
        100,
        84
      ]
    ],
    [
      27,
      [
        "ATT. RAPIDO",
        "NORMALE",
        30,
        40,
        100,
        98
      ]
    ],
    [
      31,
      [
        "TUONOSHOCK",
        "ELETTRO",
        30,
        40,
        100,
        84
      ]
    ],
    [
      37,
      [
        "COLPOCODA",
        "NORMALE",
        30,
        0,
        100,
        39
      ]
    ],
    [
      40,
      [
        "TUONONDA",
        "ELETTRO",
        20,
        0,
        100,
        86
      ]
    ],
    [
      42,
      [
        "DOPPIOCALCIO",
        "LOTTA",
        30,
        30,
        100,
        24
      ]
    ],
    [
      44,
      [
        "AGILIT\u00c0",
        "PSICO",
        30,
        0,
        0,
        97
      ]
    ],
    [
      48,
      [
        "MISSILSPILLO",
        "COLEOTT",
        20,
        14,
        85,
        42
      ]
    ],
    [
      54,
      [
        "TUONO",
        "ELETTRO",
        10,
        120,
        70,
        87
      ]
    ]
  ]
}