{
  "name": "MEW",
  "NO": 151,
  "base_stats": [
    100,
    100,
    100,
    100,
    100,
    19.53
  ],
  "types": [
    "PSICO",
    "PSICO"
  ],
  "expected_level": [
    55,
    1059860
  ],
  "level_up_moves": [
    [
      0,
      [
        "BOTTA",
        "NORMALE",
        35,
        40,
        100,
        1
      ]
    ],
    [
      1,
      [
        "",
        "",
        0,
        0,
        0,
        0
      ]
    ],
    [
      2,
      [
        "",
        "",
        0,
        0,
        0,
        0
      ]
    ],
    [
      3,
      [
        "",
        "",
        0,
        0,
        0,
        0
      ]
    ],
    [
      10,
      [
        "TRASFORMAZ.",
        "NORMALE",
        10,
        0,
        0,
        144
      ]
    ],
    [
      20,
      [
        "MEGAPUGNO",
        "NORMALE",
        20,
        80,
        85,
        5
      ]
    ],
    [
      30,
      [
        "METRONOMO",
        "NORMALE",
        10,
        0,
        0,
        118
      ]
    ],
    [
      40,
      [
        "PSICHICO",
        "PSICO",
        10,
        90,
        100,
        94
      ]
    ]
  ]
}