{
  "name": "CALIENTRES",
  "NO": 146,
  "base_stats": [
    90,
    100,
    90,
    90,
    125,
    17.58
  ],
  "types": [
    "FUOCO",
    "VOLANTE"
  ],
  "expected_level": [
    50,
    1250000
  ],
  "level_up_moves": [
    [
      0,
      [
        "BECCATA",
        "VOLANTE",
        35,
        35,
        100,
        64
      ]
    ],
    [
      1,
      [
        "TURBOFUOCO",
        "FUOCO",
        15,
        15,
        70,
        83
      ]
    ],
    [
      2,
      [
        "",
        "",
        0,
        0,
        0,
        0
      ]
    ],
    [
      3,
      [
        "",
        "",
        0,
        0,
        0,
        0
      ]
    ],
    [
      51,
      [
        "FULMISGUARDO",
        "NORMALE",
        30,
        0,
        100,
        43
      ]
    ],
    [
      55,
      [
        "AGILIT\u00c0",
        "PSICO",
        30,
        0,
        0,
        97
      ]
    ],
    [
      60,
      [
        "AEROATTACCO",
        "VOLANTE",
        5,
        140,
        90,
        143
      ]
    ]
  ]
}