{
  "name": "MAMIMIMA",
  "NO": 122,
  "base_stats": [
    40,
    45,
    65,
    90,
    100,
    17.58
  ],
  "types": [
    "PSICO",
    "PSICO"
  ],
  "expected_level": [
    54,
    1000000
  ],
  "level_up_moves": [
    [
      0,
      [
        "CONFUSIONE",
        "PSICO",
        25,
        50,
        100,
        93
      ]
    ],
    [
      1,
      [
        "BARRIERA",
        "PSICO",
        30,
        0,
        0,
        112
      ]
    ],
    [
      2,
      [
        "",
        "",
        0,
        0,
        0,
        0
      ]
    ],
    [
      3,
      [
        "",
        "",
        0,
        0,
        0,
        0
      ]
    ],
    [
      15,
      [
        "CONFUSIONE",
        "PSICO",
        25,
        50,
        100,
        93
      ]
    ],
    [
      23,
      [
        "SCHERMOLUCE",
        "PSICO",
        30,
        0,
        0,
        113
      ]
    ],
    [
      31,
      [
        "DOPPIASBERLA",
        "NORMALE",
        10,
        15,
        85,
        3
      ]
    ],
    [
      39,
      [
        "MEDITAZIONE",
        "PSICO",
        40,
        0,
        0,
        96
      ]
    ],
    [
      47,
      [
        "SOSTITUTO",
        "NORMALE",
        10,
        0,
        0,
        164
      ]
    ]
  ]
}