{
  "name": "AGOREINA",
  "NO": 31,
  "base_stats": [
    90,
    82,
    87,
    76,
    75,
    14.84
  ],
  "types": [
    "VELENO",
    "TERRA"
  ],
  "expected_level": [
    55,
    1059860
  ],
  "level_up_moves": [
    [
      0,
      [
        "AZIONE",
        "NORMALE",
        35,
        35,
        95,
        33
      ]
    ],
    [
      1,
      [
        "GRAFFIO",
        "NORMALE",
        35,
        40,
        100,
        10
      ]
    ],
    [
      2,
      [
        "COLPOCODA",
        "NORMALE",
        30,
        0,
        100,
        39
      ]
    ],
    [
      3,
      [
        "BODY SLAM",
        "NORMALE",
        15,
        85,
        100,
        34
      ]
    ],
    [
      8,
      [
        "GRAFFIO",
        "NORMALE",
        35,
        40,
        100,
        10
      ]
    ],
    [
      14,
      [
        "VELENOSPINA",
        "VELENO",
        35,
        15,
        100,
        40
      ]
    ],
    [
      23,
      [
        "BODY SLAM",
        "NORMALE",
        15,
        85,
        100,
        34
      ]
    ]
  ]
}