{
  "name": "AGORINO",
  "NO": 33,
  "base_stats": [
    61,
    72,
    57,
    65,
    55,
    12.7
  ],
  "types": [
    "VELENO",
    "VELENO"
  ],
  "expected_level": [
    55,
    1059860
  ],
  "level_up_moves": [
    [
      0,
      [
        "FULMISGUARDO",
        "NORMALE",
        30,
        0,
        100,
        43
      ]
    ],
    [
      1,
      [
        "AZIONE",
        "NORMALE",
        35,
        35,
        95,
        33
      ]
    ],
    [
      2,
      [
        "INCORNATA",
        "NORMALE",
        25,
        65,
        100,
        30
      ]
    ],
    [
      3,
      [
        "",
        "",
        0,
        0,
        0,
        0
      ]
    ],
    [
      8,
      [
        "INCORNATA",
        "NORMALE",
        25,
        65,
        100,
        30
      ]
    ],
    [
      14,
      [
        "VELENOSPINA",
        "VELENO",
        35,
        15,
        100,
        40
      ]
    ],
    [
      23,
      [
        "FOCALENERGIA",
        "NORMALE",
        30,
        0,
        0,
        116
      ]
    ],
    [
      32,
      [
        "FURIA",
        "NORMALE",
        20,
        15,
        85,
        31
      ]
    ],
    [
      41,
      [
        "PERFORCORNO",
        "NORMALE",
        5,
        0,
        30,
        32
      ]
    ],
    [
      50,
      [
        "DOPPIOCALCIO",
        "LOTTA",
        30,
        30,
        100,
        24
      ]
    ]
  ]
}