{
  "name": "SNOBILGATT",
  "NO": 53,
  "base_stats": [
    65,
    70,
    60,
    115,
    65,
    22.46
  ],
  "types": [
    "NORMALE",
    "NORMALE"
  ],
  "expected_level": [
    54,
    1000000
  ],
  "level_up_moves": [
    [
      0,
      [
        "GRAFFIO",
        "NORMALE",
        35,
        40,
        100,
        10
      ]
    ],
    [
      1,
      [
        "RUGGITO",
        "NORMALE",
        40,
        0,
        100,
        45
      ]
    ],
    [
      2,
      [
        "MORSO",
        "NORMALE",
        25,
        60,
        100,
        44
      ]
    ],
    [
      3,
      [
        "STRIDIO",
        "NORMALE",
        40,
        0,
        85,
        103
      ]
    ],
    [
      12,
      [
        "MORSO",
        "NORMALE",
        25,
        60,
        100,
        44
      ]
    ],
    [
      17,
      [
        "GIORNOPAGA",
        "NORMALE",
        20,
        40,
        100,
        6
      ]
    ],
    [
      24,
      [
        "STRIDIO",
        "NORMALE",
        40,
        0,
        85,
        103
      ]
    ],
    [
      37,
      [
        "SFURIATE",
        "NORMALE",
        15,
        18,
        80,
        154
      ]
    ],
    [
      51,
      [
        "LACERAZIONE",
        "NORMALE",
        20,
        70,
        100,
        163
      ]
    ]
  ]
}