{
  "name": "GIRONDO",
  "NO": 60,
  "base_stats": [
    40,
    50,
    40,
    90,
    40,
    17.58
  ],
  "types": [
    "ACQUA",
    "ACQUA"
  ],
  "expected_level": [
    55,
    1059860
  ],
  "level_up_moves": [
    [
      0,
      [
        "BOLLA",
        "ACQUA",
        30,
        20,
        100,
        145
      ]
    ],
    [
      1,
      [
        "",
        "",
        0,
        0,
        0,
        0
      ]
    ],
    [
      2,
      [
        "",
        "",
        0,
        0,
        0,
        0
      ]
    ],
    [
      3,
      [
        "",
        "",
        0,
        0,
        0,
        0
      ]
    ],
    [
      16,
      [
        "IPNOSI",
        "PSICO",
        20,
        0,
        60,
        95
      ]
    ],
    [
      19,
      [
        "PISTOLACQUA",
        "ACQUA",
        25,
        40,
        100,
        55
      ]
    ],
    [
      25,
      [
        "DOPPIASBERLA",
        "NORMALE",
        10,
        15,
        85,
        3
      ]
    ],
    [
      31,
      [
        "BODY SLAM",
        "NORMALE",
        15,
        85,
        100,
        34
      ]
    ],
    [
      38,
      [
        "AMNESIA",
        "PSICO",
        20,
        0,
        0,
        133
      ]
    ],
    [
      45,
      [
        "IDROPOMPA",
        "ACQUA",
        5,
        120,
        80,
        56
      ]
    ]
  ]
}