{
  "name": "PORYGON",
  "NO": 137,
  "base_stats": [
    65,
    60,
    70,
    40,
    75,
    7.81
  ],
  "types": [
    "NORMALE",
    "NORMALE"
  ],
  "expected_level": [
    54,
    1000000
  ],
  "level_up_moves": [
    [
      0,
      [
        "AZIONE",
        "NORMALE",
        35,
        35,
        95,
        33
      ]
    ],
    [
      1,
      [
        "AFFILATORE",
        "NORMALE",
        30,
        0,
        0,
        159
      ]
    ],
    [
      2,
      [
        "CONVERSIONE",
        "NORMALE",
        30,
        0,
        100,
        160
      ]
    ],
    [
      3,
      [
        "",
        "",
        0,
        0,
        0,
        0
      ]
    ],
    [
      23,
      [
        "PSICORAGGIO",
        "PSICO",
        20,
        65,
        100,
        60
      ]
    ],
    [
      28,
      [
        "RIPRESA",
        "NORMALE",
        20,
        0,
        0,
        105
      ]
    ],
    [
      35,
      [
        "AGILIT\u00c0",
        "PSICO",
        30,
        0,
        0,
        97
      ]
    ],
    [
      42,
      [
        "TRIPLETTA",
        "NORMALE",
        10,
        80,
        100,
        161
      ]
    ]
  ]
}