{
  "name": "INSECATOR",
  "NO": 123,
  "base_stats": [
    70,
    110,
    80,
    105,
    55,
    20.51
  ],
  "types": [
    "COLEOTT",
    "VOLANTE"
  ],
  "expected_level": [
    54,
    1000000
  ],
  "level_up_moves": [
    [
      0,
      [
        "ATT. RAPIDO",
        "NORMALE",
        30,
        40,
        100,
        98
      ]
    ],
    [
      1,
      [
        "",
        "",
        0,
        0,
        0,
        0
      ]
    ],
    [
      2,
      [
        "",
        "",
        0,
        0,
        0,
        0
      ]
    ],
    [
      3,
      [
        "",
        "",
        0,
        0,
        0,
        0
      ]
    ],
    [
      17,
      [
        "FULMISGUARDO",
        "NORMALE",
        30,
        0,
        100,
        43
      ]
    ],
    [
      20,
      [
        "FOCALENERGIA",
        "NORMALE",
        30,
        0,
        0,
        116
      ]
    ],
    [
      24,
      [
        "DOPPIOTEAM",
        "NORMALE",
        15,
        0,
        0,
        104
      ]
    ],
    [
      29,
      [
        "LACERAZIONE",
        "NORMALE",
        20,
        70,
        100,
        163
      ]
    ],
    [
      35,
      [
        "DANZASPADA",
        "NORMALE",
        30,
        0,
        0,
        14
      ]
    ],
    [
      42,
      [
        "AGILIT\u00c0",
        "PSICO",
        30,
        0,
        0,
        97
      ]
    ]
  ]
}