{
  "name": "AERODACTYL",
  "NO": 142,
  "base_stats": [
    80,
    105,
    65,
    130,
    60,
    25.39
  ],
  "types": [
    "ROCCIA",
    "VOLANTE"
  ],
  "expected_level": [
    50,
    1250000
  ],
  "level_up_moves": [
    [
      0,
      [
        "ATT. D'ALA",
        "VOLANTE",
        35,
        35,
        100,
        17
      ]
    ],
    [
      1,
      [
        "AGILIT\u00c0",
        "PSICO",
        30,
        0,
        0,
        97
      ]
    ],
    [
      2,
      [
        "",
        "",
        0,
        0,
        0,
        0
      ]
    ],
    [
      3,
      [
        "",
        "",
        0,
        0,
        0,
        0
      ]
    ],
    [
      33,
      [
        "SUPERSUONO",
        "NORMALE",
        20,
        0,
        55,
        48
      ]
    ],
    [
      38,
      [
        "MORSO",
        "NORMALE",
        25,
        60,
        100,
        44
      ]
    ],
    [
      45,
      [
        "RIDUTTORE",
        "NORMALE",
        20,
        90,
        85,
        36
      ]
    ],
    [
      54,
      [
        "IPERRAGGIO",
        "NORMALE",
        5,
        150,
        90,
        63
      ]
    ]
  ]
}