{
  "name": "REAPPARIA",
  "NO": 65,
  "base_stats": [
    55,
    50,
    45,
    120,
    135,
    23.44
  ],
  "types": [
    "PSICO",
    "PSICO"
  ],
  "expected_level": [
    55,
    1059860
  ],
  "level_up_moves": [
    [
      0,
      [
        "TELETRASPOR.",
        "PSICO",
        20,
        0,
        0,
        100
      ]
    ],
    [
      1,
      [
        "CONFUSIONE",
        "PSICO",
        25,
        50,
        100,
        93
      ]
    ],
    [
      2,
      [
        "INIBITORE",
        "NORMALE",
        20,
        0,
        55,
        50
      ]
    ],
    [
      3,
      [
        "",
        "",
        0,
        0,
        0,
        0
      ]
    ],
    [
      16,
      [
        "CONFUSIONE",
        "PSICO",
        25,
        50,
        100,
        93
      ]
    ],
    [
      20,
      [
        "INIBITORE",
        "NORMALE",
        20,
        0,
        55,
        50
      ]
    ],
    [
      27,
      [
        "PSICORAGGIO",
        "PSICO",
        20,
        65,
        100,
        60
      ]
    ],
    [
      31,
      [
        "RIPRESA",
        "NORMALE",
        20,
        0,
        0,
        105
      ]
    ],
    [
      38,
      [
        "PSICHICO",
        "PSICO",
        10,
        90,
        100,
        94
      ]
    ],
    [
      42,
      [
        "RIFLESSO",
        "PSICO",
        20,
        0,
        0,
        115
      ]
    ]
  ]
}