{
  "name": "ORBULOC",
  "NO": 24,
  "base_stats": [
    60,
    85,
    69,
    80,
    65,
    15.62
  ],
  "types": [
    "VELENO",
    "VELENO"
  ],
  "expected_level": [
    54,
    1000000
  ],
  "level_up_moves": [
    [
      0,
      [
        "AVVOLGIBOTTA",
        "NORMALE",
        20,
        15,
        85,
        35
      ]
    ],
    [
      1,
      [
        "FULMISGUARDO",
        "NORMALE",
        30,
        0,
        100,
        43
      ]
    ],
    [
      2,
      [
        "VELENOSPINA",
        "VELENO",
        35,
        15,
        100,
        40
      ]
    ],
    [
      3,
      [
        "",
        "",
        0,
        0,
        0,
        0
      ]
    ],
    [
      10,
      [
        "VELENOSPINA",
        "VELENO",
        35,
        15,
        100,
        40
      ]
    ],
    [
      17,
      [
        "MORSO",
        "NORMALE",
        25,
        60,
        100,
        44
      ]
    ],
    [
      27,
      [
        "MEDUSGUARDO",
        "NORMALE",
        30,
        0,
        75,
        137
      ]
    ],
    [
      36,
      [
        "STRIDIO",
        "NORMALE",
        40,
        0,
        85,
        103
      ]
    ],
    [
      47,
      [
        "ACIDO",
        "VELENO",
        30,
        40,
        100,
        51
      ]
    ]
  ]
}