{
  "name": "ARCANINO",
  "NO": 59,
  "base_stats": [
    90,
    110,
    80,
    95,
    80,
    18.55
  ],
  "types": [
    "FUOCO",
    "FUOCO"
  ],
  "expected_level": [
    50,
    1250000
  ],
  "level_up_moves": [
    [
      0,
      [
        "BOATO",
        "NORMALE",
        20,
        0,
        100,
        46
      ]
    ],
    [
      1,
      [
        "BRACIERE",
        "FUOCO",
        25,
        40,
        100,
        52
      ]
    ],
    [
      2,
      [
        "FULMISGUARDO",
        "NORMALE",
        30,
        0,
        100,
        43
      ]
    ],
    [
      3,
      [
        "RIDUTTORE",
        "NORMALE",
        20,
        90,
        85,
        36
      ]
    ]
  ]
}