{
  "name": "ARTICUNO",
  "NO": 144,
  "base_stats": [
    90,
    85,
    100,
    85,
    125,
    16.6
  ],
  "types": [
    "GHIACCIO",
    "VOLANTE"
  ],
  "expected_level": [
    50,
    1250000
  ],
  "level_up_moves": [
    [
      0,
      [
        "BECCATA",
        "VOLANTE",
        35,
        35,
        100,
        64
      ]
    ],
    [
      1,
      [
        "GELORAGGIO",
        "GHIACCIO",
        10,
        95,
        100,
        58
      ]
    ],
    [
      2,
      [
        "",
        "",
        0,
        0,
        0,
        0
      ]
    ],
    [
      3,
      [
        "",
        "",
        0,
        0,
        0,
        0
      ]
    ],
    [
      51,
      [
        "BORA",
        "GHIACCIO",
        5,
        120,
        90,
        59
      ]
    ],
    [
      55,
      [
        "AGILIT\u00c0",
        "PSICO",
        30,
        0,
        0,
        97
      ]
    ],
    [
      60,
      [
        "NEBBIA",
        "GHIACCIO",
        30,
        0,
        0,
        54
      ]
    ]
  ]
}