{
  "name": "ESPLUGGINE",
  "NO": 9,
  "base_stats": [
    79,
    83,
    100,
    78,
    85,
    15.23
  ],
  "types": [
    "ACQUA",
    "ACQUA"
  ],
  "expected_level": [
    55,
    1059860
  ],
  "level_up_moves": [
    [
      0,
      [
        "AZIONE",
        "NORMALE",
        35,
        35,
        95,
        33
      ]
    ],
    [
      1,
      [
        "COLPOCODA",
        "NORMALE",
        30,
        0,
        100,
        39
      ]
    ],
    [
      2,
      [
        "BOLLA",
        "ACQUA",
        30,
        20,
        100,
        145
      ]
    ],
    [
      3,
      [
        "PISTOLACQUA",
        "ACQUA",
        25,
        40,
        100,
        55
      ]
    ],
    [
      8,
      [
        "BOLLA",
        "ACQUA",
        30,
        20,
        100,
        145
      ]
    ],
    [
      15,
      [
        "PISTOLACQUA",
        "ACQUA",
        25,
        40,
        100,
        55
      ]
    ],
    [
      24,
      [
        "MORSO",
        "NORMALE",
        25,
        60,
        100,
        44
      ]
    ],
    [
      31,
      [
        "RITIRATA",
        "ACQUA",
        40,
        0,
        0,
        110
      ]
    ],
    [
      42,
      [
        "CAPOCCIATA",
        "NORMALE",
        15,
        100,
        100,
        130
      ]
    ],
    [
      52,
      [
        "IDROPOMPA",
        "ACQUA",
        5,
        120,
        80,
        56
      ]
    ]
  ]
}