{
  "name": "TAROTA",
  "NO": 113,
  "base_stats": [
    250,
    5,
    5,
    50,
    105,
    9.77
  ],
  "types": [
    "NORMALE",
    "NORMALE"
  ],
  "expected_level": [
    58,
    800000
  ],
  "level_up_moves": [
    [
      0,
      [
        "BOTTA",
        "NORMALE",
        35,
        40,
        100,
        1
      ]
    ],
    [
      1,
      [
        "DOPPIASBERLA",
        "NORMALE",
        10,
        15,
        85,
        3
      ]
    ],
    [
      2,
      [
        "",
        "",
        0,
        0,
        0,
        0
      ]
    ],
    [
      3,
      [
        "",
        "",
        0,
        0,
        0,
        0
      ]
    ],
    [
      24,
      [
        "CANTO",
        "NORMALE",
        15,
        0,
        55,
        47
      ]
    ],
    [
      30,
      [
        "RUGGITO",
        "NORMALE",
        40,
        0,
        100,
        45
      ]
    ],
    [
      38,
      [
        "MINIMIZZATO",
        "NORMALE",
        20,
        0,
        0,
        107
      ]
    ],
    [
      44,
      [
        "RICCIOLSCUDO",
        "NORMALE",
        40,
        0,
        0,
        111
      ]
    ],
    [
      48,
      [
        "SCHERMOLUCE",
        "PSICO",
        30,
        0,
        0,
        113
      ]
    ],
    [
      54,
      [
        "SDOPPIATORE",
        "NORMALE",
        15,
        100,
        100,
        38
      ]
    ]
  ]
}