{
  "name": "TORCERTOLO",
  "NO": 4,
  "base_stats": [
    39,
    52,
    43,
    65,
    50,
    12.7
  ],
  "types": [
    "FUOCO",
    "FUOCO"
  ],
  "expected_level": [
    55,
    1059860
  ],
  "level_up_moves": [
    [
      0,
      [
        "GRAFFIO",
        "NORMALE",
        35,
        40,
        100,
        10
      ]
    ],
    [
      1,
      [
        "RUGGITO",
        "NORMALE",
        40,
        0,
        100,
        45
      ]
    ],
    [
      2,
      [
        "",
        "",
        0,
        0,
        0,
        0
      ]
    ],
    [
      3,
      [
        "",
        "",
        0,
        0,
        0,
        0
      ]
    ],
    [
      9,
      [
        "BRACIERE",
        "FUOCO",
        25,
        40,
        100,
        52
      ]
    ],
    [
      15,
      [
        "FULMISGUARDO",
        "NORMALE",
        30,
        0,
        100,
        43
      ]
    ],
    [
      22,
      [
        "IRA",
        "NORMALE",
        20,
        20,
        100,
        99
      ]
    ],
    [
      30,
      [
        "LACERAZIONE",
        "NORMALE",
        20,
        70,
        100,
        163
      ]
    ],
    [
      38,
      [
        "LANCIAFIAMME",
        "FUOCO",
        15,
        95,
        100,
        53
      ]
    ],
    [
      46,
      [
        "TURBOFUOCO",
        "FUOCO",
        15,
        15,
        70,
        83
      ]
    ]
  ]
}