{
  "name": "LUNINFA",
  "NO": 35,
  "base_stats": [
    70,
    45,
    48,
    35,
    60,
    6.84
  ],
  "types": [
    "NORMALE",
    "NORMALE"
  ],
  "expected_level": [
    58,
    800000
  ],
  "level_up_moves": [
    [
      0,
      [
        "BOTTA",
        "NORMALE",
        35,
        40,
        100,
        1
      ]
    ],
    [
      1,
      [
        "RUGGITO",
        "NORMALE",
        40,
        0,
        100,
        45
      ]
    ],
    [
      2,
      [
        "",
        "",
        0,
        0,
        0,
        0
      ]
    ],
    [
      3,
      [
        "",
        "",
        0,
        0,
        0,
        0
      ]
    ],
    [
      13,
      [
        "CANTO",
        "NORMALE",
        15,
        0,
        55,
        47
      ]
    ],
    [
      18,
      [
        "DOPPIASBERLA",
        "NORMALE",
        10,
        15,
        85,
        3
      ]
    ],
    [
      24,
      [
        "MINIMIZZATO",
        "NORMALE",
        20,
        0,
        0,
        107
      ]
    ],
    [
      31,
      [
        "METRONOMO",
        "NORMALE",
        10,
        0,
        0,
        118
      ]
    ],
    [
      39,
      [
        "RICCIOLSCUDO",
        "NORMALE",
        40,
        0,
        0,
        111
      ]
    ],
    [
      48,
      [
        "SCHERMOLUCE",
        "PSICO",
        30,
        0,
        0,
        113
      ]
    ]
  ]
}