{
  "name": "OSTRICO",
  "NO": 91,
  "base_stats": [
    50,
    95,
    180,
    70,
    85,
    13.67
  ],
  "types": [
    "ACQUA",
    "GHIACCIO"
  ],
  "expected_level": [
    50,
    1250000
  ],
  "level_up_moves": [
    [
      0,
      [
        "RITIRATA",
        "ACQUA",
        40,
        0,
        0,
        110
      ]
    ],
    [
      1,
      [
        "SUPERSUONO",
        "NORMALE",
        20,
        0,
        55,
        48
      ]
    ],
    [
      2,
      [
        "TENAGLIA",
        "ACQUA",
        10,
        35,
        75,
        128
      ]
    ],
    [
      3,
      [
        "RAGGIAURORA",
        "GHIACCIO",
        20,
        65,
        100,
        62
      ]
    ],
    [
      50,
      [
        "SPARALANCE",
        "NORMALE",
        15,
        20,
        100,
        131
      ]
    ]
  ]
}