{
  "name": "LUTTESCHIO",
  "NO": 104,
  "base_stats": [
    50,
    50,
    95,
    35,
    40,
    6.84
  ],
  "types": [
    "TERRA",
    "TERRA"
  ],
  "expected_level": [
    54,
    1000000
  ],
  "level_up_moves": [
    [
      0,
      [
        "OSSOCLAVA",
        "TERRA",
        20,
        65,
        85,
        125
      ]
    ],
    [
      1,
      [
        "RUGGITO",
        "NORMALE",
        40,
        0,
        100,
        45
      ]
    ],
    [
      2,
      [
        "",
        "",
        0,
        0,
        0,
        0
      ]
    ],
    [
      3,
      [
        "",
        "",
        0,
        0,
        0,
        0
      ]
    ],
    [
      25,
      [
        "FULMISGUARDO",
        "NORMALE",
        30,
        0,
        100,
        43
      ]
    ],
    [
      31,
      [
        "FOCALENERGIA",
        "NORMALE",
        30,
        0,
        0,
        116
      ]
    ],
    [
      38,
      [
        "COLPO",
        "NORMALE",
        20,
        90,
        100,
        37
      ]
    ],
    [
      43,
      [
        "OSSOMERANG",
        "TERRA",
        10,
        50,
        90,
        155
      ]
    ],
    [
      46,
      [
        "IRA",
        "NORMALE",
        20,
        20,
        100,
        99
      ]
    ]
  ]
}