{
  "name": "LAMANFRIGO",
  "NO": 87,
  "base_stats": [
    90,
    70,
    80,
    70,
    95,
    13.67
  ],
  "types": [
    "ACQUA",
    "GHIACCIO"
  ],
  "expected_level": [
    54,
    1000000
  ],
  "level_up_moves": [
    [
      0,
      [
        "BOTTINTESTA",
        "NORMALE",
        15,
        70,
        100,
        29
      ]
    ],
    [
      1,
      [
        "RUGGITO",
        "NORMALE",
        40,
        0,
        100,
        45
      ]
    ],
    [
      2,
      [
        "RAGGIAURORA",
        "GHIACCIO",
        20,
        65,
        100,
        62
      ]
    ],
    [
      3,
      [
        "",
        "",
        0,
        0,
        0,
        0
      ]
    ],
    [
      30,
      [
        "RUGGITO",
        "NORMALE",
        40,
        0,
        100,
        45
      ]
    ],
    [
      35,
      [
        "RAGGIAURORA",
        "GHIACCIO",
        20,
        65,
        100,
        62
      ]
    ],
    [
      44,
      [
        "RIPOSO",
        "PSICO",
        10,
        0,
        0,
        156
      ]
    ],
    [
      50,
      [
        "RIDUTTORE",
        "NORMALE",
        20,
        90,
        85,
        36
      ]
    ],
    [
      56,
      [
        "GELORAGGIO",
        "GHIACCIO",
        10,
        95,
        100,
        58
      ]
    ]
  ]
}