{
  "name": "SCAVETTUN",
  "NO": 50,
  "base_stats": [
    10,
    55,
    25,
    95,
    45,
    18.55
  ],
  "types": [
    "TERRA",
    "TERRA"
  ],
  "expected_level": [
    54,
    1000000
  ],
  "level_up_moves": [
    [
      0,
      [
        "GRAFFIO",
        "NORMALE",
        35,
        40,
        100,
        10
      ]
    ],
    [
      1,
      [
        "",
        "",
        0,
        0,
        0,
        0
      ]
    ],
    [
      2,
      [
        "",
        "",
        0,
        0,
        0,
        0
      ]
    ],
    [
      3,
      [
        "",
        "",
        0,
        0,
        0,
        0
      ]
    ],
    [
      15,
      [
        "RUGGITO",
        "NORMALE",
        40,
        0,
        100,
        45
      ]
    ],
    [
      19,
      [
        "FOSSA",
        "TERRA",
        10,
        100,
        100,
        91
      ]
    ],
    [
      24,
      [
        "TURBOSABBIA",
        "NORMALE",
        15,
        0,
        100,
        28
      ]
    ],
    [
      31,
      [
        "LACERAZIONE",
        "NORMALE",
        20,
        70,
        100,
        0
      ]
    ],
    [
      40,
      [
        "TERREMOTO",
        "TERRA",
        10,
        100,
        100,
        89
      ]
    ]
  ]
}