{
  "name": "DRAGONITE",
  "NO": 149,
  "base_stats": [
    91,
    134,
    95,
    80,
    100,
    15.62
  ],
  "types": [
    "DRAGO",
    "VOLANTE"
  ],
  "expected_level": [
    50,
    1250000
  ],
  "level_up_moves": [
    [
      0,
      [
        "AVVOLGIBOTTA",
        "NORMALE",
        20,
        15,
        85,
        35
      ]
    ],
    [
      1,
      [
        "FULMISGUARDO",
        "NORMALE",
        30,
        0,
        100,
        43
      ]
    ],
    [
      2,
      [
        "TUONONDA",
        "ELETTRO",
        20,
        0,
        100,
        86
      ]
    ],
    [
      3,
      [
        "AGILIT\u00c0",
        "PSICO",
        30,
        0,
        0,
        97
      ]
    ],
    [
      10,
      [
        "TUONONDA",
        "ELETTRO",
        20,
        0,
        100,
        86
      ]
    ],
    [
      20,
      [
        "AGILIT\u00c0",
        "PSICO",
        30,
        0,
        0,
        97
      ]
    ],
    [
      35,
      [
        "SCHIANTO",
        "NORMALE",
        20,
        80,
        75,
        21
      ]
    ],
    [
      45,
      [
        "IRA DI DRAGO",
        "DRAGO",
        10,
        0,
        100,
        82
      ]
    ],
    [
      60,
      [
        "IPERRAGGIO",
        "NORMALE",
        5,
        150,
        90,
        63
      ]
    ]
  ]
}