{
  "name": "DRAGHELLO",
  "NO": 147,
  "base_stats": [
    41,
    64,
    45,
    50,
    50,
    9.77
  ],
  "types": [
    "DRAGO",
    "DRAGO"
  ],
  "expected_level": [
    50,
    1250000
  ],
  "level_up_moves": [
    [
      0,
      [
        "AVVOLGIBOTTA",
        "NORMALE",
        20,
        15,
        85,
        35
      ]
    ],
    [
      1,
      [
        "FULMISGUARDO",
        "NORMALE",
        30,
        0,
        100,
        43
      ]
    ],
    [
      2,
      [
        "",
        "",
        0,
        0,
        0,
        0
      ]
    ],
    [
      3,
      [
        "",
        "",
        0,
        0,
        0,
        0
      ]
    ],
    [
      10,
      [
        "TUONONDA",
        "ELETTRO",
        20,
        0,
        100,
        86
      ]
    ],
    [
      20,
      [
        "AGILIT\u00c0",
        "PSICO",
        30,
        0,
        0,
        97
      ]
    ],
    [
      30,
      [
        "SCHIANTO",
        "NORMALE",
        20,
        80,
        75,
        21
      ]
    ],
    [
      40,
      [
        "IRA DI DRAGO",
        "DRAGO",
        10,
        0,
        100,
        82
      ]
    ],
    [
      50,
      [
        "IPERRAGGIO",
        "NORMALE",
        5,
        150,
        90,
        63
      ]
    ]
  ]
}