{
  "name": "SCAVATRINO",
  "NO": 51,
  "base_stats": [
    35,
    80,
    50,
    120,
    70,
    23.44
  ],
  "types": [
    "TERRA",
    "TERRA"
  ],
  "expected_level": [
    54,
    1000000
  ],
  "level_up_moves": [
    [
      0,
      [
        "GRAFFIO",
        "NORMALE",
        35,
        40,
        100,
        10
      ]
    ],
    [
      1,
      [
        "RUGGITO",
        "NORMALE",
        40,
        0,
        100,
        45
      ]
    ],
    [
      2,
      [
        "FOSSA",
        "TERRA",
        10,
        100,
        100,
        91
      ]
    ],
    [
      3,
      [
        "",
        "",
        0,
        0,
        0,
        0
      ]
    ],
    [
      15,
      [
        "RUGGITO",
        "NORMALE",
        40,
        0,
        100,
        45
      ]
    ],
    [
      19,
      [
        "FOSSA",
        "TERRA",
        10,
        100,
        100,
        91
      ]
    ],
    [
      24,
      [
        "TURBOSABBIA",
        "NORMALE",
        15,
        0,
        100,
        28
      ]
    ],
    [
      35,
      [
        "LACERAZIONE",
        "NORMALE",
        20,
        70,
        100,
        163
      ]
    ],
    [
      47,
      [
        "TERREMOTO",
        "TERRA",
        10,
        100,
        100,
        89
      ]
    ]
  ]
}