{
  "name": "EVVU'",
  "NO": 133,
  "base_stats": [
    55,
    55,
    50,
    55,
    65,
    10.74
  ],
  "types": [
    "NORMALE",
    "NORMALE"
  ],
  "expected_level": [
    54,
    1000000
  ],
  "level_up_moves": [
    [
      0,
      [
        "AZIONE",
        "NORMALE",
        35,
        35,
        95,
        33
      ]
    ],
    [
      1,
      [
        "TURBOSABBIA",
        "NORMALE",
        15,
        0,
        100,
        28
      ]
    ],
    [
      2,
      [
        "",
        "",
        0,
        0,
        0,
        0
      ]
    ],
    [
      3,
      [
        "",
        "",
        0,
        0,
        0,
        0
      ]
    ],
    [
      27,
      [
        "ATT. RAPIDO",
        "NORMALE",
        30,
        40,
        100,
        98
      ]
    ],
    [
      31,
      [
        "COLPOCODA",
        "NORMALE",
        30,
        0,
        100,
        39
      ]
    ],
    [
      37,
      [
        "MORSO",
        "NORMALE",
        25,
        60,
        100,
        44
      ]
    ],
    [
      45,
      [
        "RIDUTTORE",
        "NORMALE",
        20,
        90,
        85,
        36
      ]
    ]
  ]
}