{
  "name": "ROMBITON",
  "NO": 125,
  "base_stats": [
    65,
    83,
    57,
    105,
    85,
    20.51
  ],
  "types": [
    "ELETTRO",
    "ELETTRO"
  ],
  "expected_level": [
    54,
    1000000
  ],
  "level_up_moves": [
    [
      0,
      [
        "ATT. RAPIDO",
        "NORMALE",
        30,
        40,
        100,
        98
      ]
    ],
    [
      1,
      [
        "FULMISGUARDO",
        "NORMALE",
        30,
        0,
        100,
        43
      ]
    ],
    [
      2,
      [
        "",
        "",
        0,
        0,
        0,
        0
      ]
    ],
    [
      3,
      [
        "",
        "",
        0,
        0,
        0,
        0
      ]
    ],
    [
      34,
      [
        "TUONOSHOCK",
        "ELETTRO",
        30,
        40,
        100,
        84
      ]
    ],
    [
      37,
      [
        "STRIDIO",
        "NORMALE",
        40,
        0,
        85,
        103
      ]
    ],
    [
      42,
      [
        "TUONOPUGNO",
        "ELETTRO",
        15,
        75,
        100,
        9
      ]
    ],
    [
      49,
      [
        "SCHERMOLUCE",
        "PSICO",
        30,
        0,
        0,
        113
      ]
    ],
    [
      54,
      [
        "TUONO",
        "ELETTRO",
        10,
        120,
        70,
        87
      ]
    ]
  ]
}