{
  "name": "DEBOTTORBE",
  "NO": 101,
  "base_stats": [
    60,
    50,
    70,
    140,
    80,
    27.34
  ],
  "types": [
    "ELETTRO",
    "ELETTRO"
  ],
  "expected_level": [
    54,
    1000000
  ],
  "level_up_moves": [
    [
      0,
      [
        "AZIONE",
        "NORMALE",
        35,
        35,
        95,
        33
      ]
    ],
    [
      1,
      [
        "STRIDIO",
        "NORMALE",
        40,
        0,
        85,
        103
      ]
    ],
    [
      2,
      [
        "SONICBOOM",
        "NORMALE",
        20,
        0,
        90,
        49
      ]
    ],
    [
      3,
      [
        "",
        "",
        0,
        0,
        0,
        0
      ]
    ],
    [
      17,
      [
        "SONICBOOM",
        "NORMALE",
        20,
        0,
        90,
        49
      ]
    ],
    [
      22,
      [
        "AUTODISTRUZ.",
        "NORMALE",
        5,
        130,
        100,
        120
      ]
    ],
    [
      29,
      [
        "SCHERMOLUCE",
        "PSICO",
        30,
        0,
        0,
        113
      ]
    ],
    [
      40,
      [
        "COMETE",
        "NORMALE",
        20,
        60,
        0,
        129
      ]
    ],
    [
      50,
      [
        "ESPLOSIONE",
        "NORMALE",
        5,
        170,
        100,
        153
      ]
    ]
  ]
}