{
  "name": "OVINCOLI",
  "NO": 102,
  "base_stats": [
    60,
    40,
    80,
    40,
    60,
    7.81
  ],
  "types": [
    "ERBA",
    "PSICO"
  ],
  "expected_level": [
    50,
    1250000
  ],
  "level_up_moves": [
    [
      0,
      [
        "SFERATTACCO",
        "NORMALE",
        20,
        15,
        85,
        140
      ]
    ],
    [
      1,
      [
        "IPNOSI",
        "PSICO",
        20,
        0,
        60,
        95
      ]
    ],
    [
      2,
      [
        "",
        "",
        0,
        0,
        0,
        0
      ]
    ],
    [
      3,
      [
        "",
        "",
        0,
        0,
        0,
        0
      ]
    ],
    [
      25,
      [
        "RIFLESSO",
        "PSICO",
        20,
        0,
        0,
        115
      ]
    ],
    [
      28,
      [
        "PARASSISEME",
        "ERBA",
        10,
        0,
        90,
        73
      ]
    ],
    [
      32,
      [
        "PARALIZZANTE",
        "ERBA",
        30,
        0,
        75,
        78
      ]
    ],
    [
      37,
      [
        "VELENPOLVERE",
        "VELENO",
        35,
        0,
        75,
        77
      ]
    ],
    [
      42,
      [
        "SOLARRAGGIO",
        "ERBA",
        10,
        120,
        100,
        76
      ]
    ],
    [
      48,
      [
        "SONNIFERO",
        "ERBA",
        15,
        0,
        75,
        79
      ]
    ]
  ]
}