{
  "name": "COCCONTROL",
  "NO": 103,
  "base_stats": [
    95,
    95,
    85,
    55,
    125,
    10.74
  ],
  "types": [
    "ERBA",
    "PSICO"
  ],
  "expected_level": [
    50,
    1250000
  ],
  "level_up_moves": [
    [
      0,
      [
        "SFERATTACCO",
        "NORMALE",
        20,
        15,
        85,
        140
      ]
    ],
    [
      1,
      [
        "IPNOSI",
        "PSICO",
        20,
        0,
        60,
        95
      ]
    ],
    [
      2,
      [
        "",
        "",
        0,
        0,
        0,
        0
      ]
    ],
    [
      3,
      [
        "",
        "",
        0,
        0,
        0,
        0
      ]
    ],
    [
      28,
      [
        "PESTONE",
        "NORMALE",
        20,
        65,
        100,
        23
      ]
    ]
  ]
}