{
  "name": "UNUMPORRO",
  "NO": 83,
  "base_stats": [
    52,
    65,
    55,
    60,
    58,
    11.72
  ],
  "types": [
    "NORMALE",
    "VOLANTE"
  ],
  "expected_level": [
    54,
    1000000
  ],
  "level_up_moves": [
    [
      0,
      [
        "BECCATA",
        "VOLANTE",
        35,
        35,
        100,
        64
      ]
    ],
    [
      1,
      [
        "TURBOSABBIA",
        "NORMALE",
        15,
        0,
        100,
        28
      ]
    ],
    [
      2,
      [
        "",
        "",
        0,
        0,
        0,
        0
      ]
    ],
    [
      3,
      [
        "",
        "",
        0,
        0,
        0,
        0
      ]
    ],
    [
      7,
      [
        "FULMISGUARDO",
        "NORMALE",
        30,
        0,
        100,
        43
      ]
    ],
    [
      15,
      [
        "FURIA",
        "NORMALE",
        20,
        15,
        85,
        31
      ]
    ],
    [
      23,
      [
        "DANZASPADA",
        "NORMALE",
        30,
        0,
        0,
        14
      ]
    ],
    [
      31,
      [
        "AGILIT\u00c0",
        "PSICO",
        30,
        0,
        0,
        97
      ]
    ],
    [
      39,
      [
        "LACERAZIONE",
        "NORMALE",
        20,
        70,
        100,
        0
      ]
    ]
  ]
}