{
  "name": "BECCATORE",
  "NO": 22,
  "base_stats": [
    65,
    90,
    65,
    100,
    61,
    19.53
  ],
  "types": [
    "NORMALE",
    "VOLANTE"
  ],
  "expected_level": [
    54,
    1000000
  ],
  "level_up_moves": [
    [
      0,
      [
        "BECCATA",
        "VOLANTE",
        35,
        35,
        100,
        64
      ]
    ],
    [
      1,
      [
        "RUGGITO",
        "NORMALE",
        40,
        0,
        100,
        45
      ]
    ],
    [
      2,
      [
        "FULMISGUARDO",
        "NORMALE",
        30,
        0,
        100,
        43
      ]
    ],
    [
      3,
      [
        "",
        "",
        0,
        0,
        0,
        0
      ]
    ],
    [
      9,
      [
        "FULMISGUARDO",
        "NORMALE",
        30,
        0,
        100,
        43
      ]
    ],
    [
      15,
      [
        "FURIA",
        "NORMALE",
        20,
        15,
        85,
        31
      ]
    ],
    [
      25,
      [
        "SPECULMOSSA",
        "VOLANTE",
        20,
        0,
        0,
        119
      ]
    ],
    [
      34,
      [
        "PERFORBECCO",
        "VOLANTE",
        20,
        80,
        100,
        65
      ]
    ],
    [
      43,
      [
        "AGILIT\u00c0",
        "PSICO",
        30,
        0,
        0,
        97
      ]
    ]
  ]
}