{
  "name": "GEODEH",
  "NO": 74,
  "base_stats": [
    40,
    80,
    100,
    20,
    30,
    3.91
  ],
  "types": [
    "ROCCIA",
    "TERRA"
  ],
  "expected_level": [
    55,
    1059860
  ],
  "level_up_moves": [
    [
      0,
      [
        "AZIONE",
        "NORMALE",
        35,
        35,
        95,
        33
      ]
    ],
    [
      1,
      [
        "",
        "",
        0,
        0,
        0,
        0
      ]
    ],
    [
      2,
      [
        "",
        "",
        0,
        0,
        0,
        0
      ]
    ],
    [
      3,
      [
        "",
        "",
        0,
        0,
        0,
        0
      ]
    ],
    [
      11,
      [
        "RICCIOLSCUDO",
        "NORMALE",
        40,
        0,
        0,
        111
      ]
    ],
    [
      16,
      [
        "SASSATA",
        "ROCCIA",
        15,
        50,
        65,
        88
      ]
    ],
    [
      21,
      [
        "AUTODISTRUZ.",
        "NORMALE",
        5,
        130,
        100,
        120
      ]
    ],
    [
      26,
      [
        "RAFFORZATORE",
        "NORMALE",
        30,
        0,
        0,
        106
      ]
    ],
    [
      31,
      [
        "TERREMOTO",
        "TERRA",
        10,
        100,
        100,
        89
      ]
    ],
    [
      36,
      [
        "ESPLOSIONE",
        "NORMALE",
        5,
        170,
        100,
        153
      ]
    ]
  ]
}