{
  "name": "VESPERTO",
  "NO": 42,
  "base_stats": [
    75,
    80,
    70,
    90,
    75,
    17.58
  ],
  "types": [
    "VELENO",
    "VOLANTE"
  ],
  "expected_level": [
    54,
    1000000
  ],
  "level_up_moves": [
    [
      0,
      [
        "SANGUISUGA",
        "COLEOTT",
        15,
        20,
        100,
        141
      ]
    ],
    [
      1,
      [
        "STRIDIO",
        "NORMALE",
        40,
        0,
        85,
        103
      ]
    ],
    [
      2,
      [
        "MORSO",
        "NORMALE",
        25,
        60,
        100,
        44
      ]
    ],
    [
      3,
      [
        "",
        "",
        0,
        0,
        0,
        0
      ]
    ],
    [
      10,
      [
        "SUPERSUONO",
        "NORMALE",
        20,
        0,
        55,
        48
      ]
    ],
    [
      15,
      [
        "MORSO",
        "NORMALE",
        25,
        60,
        100,
        44
      ]
    ],
    [
      21,
      [
        "STORDIRAGGIO",
        "SPETTRO",
        10,
        0,
        100,
        109
      ]
    ],
    [
      32,
      [
        "ATT. D'ALA",
        "VOLANTE",
        35,
        35,
        100,
        17
      ]
    ],
    [
      43,
      [
        "NUBE",
        "GHIACCIO",
        30,
        0,
        0,
        114
      ]
    ]
  ]
}