{
  "name": "PESCIPESSA",
  "NO": 118,
  "base_stats": [
    45,
    67,
    60,
    63,
    50,
    12.3
  ],
  "types": [
    "ACQUA",
    "ACQUA"
  ],
  "expected_level": [
    54,
    1000000
  ],
  "level_up_moves": [
    [
      0,
      [
        "BECCATA",
        "VOLANTE",
        35,
        35,
        100,
        64
      ]
    ],
    [
      1,
      [
        "COLPOCODA",
        "NORMALE",
        30,
        0,
        100,
        39
      ]
    ],
    [
      2,
      [
        "",
        "",
        0,
        0,
        0,
        0
      ]
    ],
    [
      3,
      [
        "",
        "",
        0,
        0,
        0,
        0
      ]
    ],
    [
      19,
      [
        "SUPERSUONO",
        "NORMALE",
        20,
        0,
        55,
        48
      ]
    ],
    [
      24,
      [
        "INCORNATA",
        "NORMALE",
        25,
        65,
        100,
        30
      ]
    ],
    [
      30,
      [
        "FURIA",
        "NORMALE",
        20,
        15,
        85,
        31
      ]
    ],
    [
      37,
      [
        "CASCATA",
        "ACQUA",
        15,
        80,
        100,
        127
      ]
    ],
    [
      45,
      [
        "PERFORCORNO",
        "NORMALE",
        5,
        0,
        30,
        32
      ]
    ],
    [
      54,
      [
        "AGILIT\u00c0",
        "PSICO",
        30,
        0,
        0,
        97
      ]
    ]
  ]
}