{
  "name": "EMIQUAPPA",
  "NO": 55,
  "base_stats": [
    80,
    82,
    78,
    85,
    80,
    16.6
  ],
  "types": [
    "ACQUA",
    "ACQUA"
  ],
  "expected_level": [
    54,
    1000000
  ],
  "level_up_moves": [
    [
      0,
      [
        "GRAFFIO",
        "NORMALE",
        35,
        40,
        100,
        10
      ]
    ],
    [
      1,
      [
        "COLPOCODA",
        "NORMALE",
        30,
        0,
        100,
        39
      ]
    ],
    [
      2,
      [
        "INIBITORE",
        "NORMALE",
        20,
        0,
        55,
        50
      ]
    ],
    [
      3,
      [
        "",
        "",
        0,
        0,
        0,
        0
      ]
    ],
    [
      28,
      [
        "COLPOCODA",
        "NORMALE",
        30,
        0,
        100,
        39
      ]
    ],
    [
      31,
      [
        "INIBITORE",
        "NORMALE",
        20,
        0,
        55,
        50
      ]
    ],
    [
      39,
      [
        "CONFUSIONE",
        "PSICO",
        25,
        50,
        100,
        93
      ]
    ],
    [
      48,
      [
        "SFURIATE",
        "NORMALE",
        15,
        18,
        80,
        154
      ]
    ],
    [
      59,
      [
        "IDROPOMPA",
        "ACQUA",
        5,
        120,
        80,
        56
      ]
    ]
  ]
}