{
  "name": "MELMOR",
  "NO": 88,
  "base_stats": [
    80,
    80,
    50,
    25,
    40,
    4.88
  ],
  "types": [
    "VELENO",
    "VELENO"
  ],
  "expected_level": [
    54,
    1000000
  ],
  "level_up_moves": [
    [
      0,
      [
        "BOTTA",
        "NORMALE",
        35,
        40,
        100,
        1
      ]
    ],
    [
      1,
      [
        "INIBITORE",
        "NORMALE",
        20,
        0,
        55,
        50
      ]
    ],
    [
      2,
      [
        "",
        "",
        0,
        0,
        0,
        0
      ]
    ],
    [
      3,
      [
        "",
        "",
        0,
        0,
        0,
        0
      ]
    ],
    [
      30,
      [
        "VELENOGAS",
        "VELENO",
        40,
        0,
        55,
        139
      ]
    ],
    [
      33,
      [
        "MINIMIZZATO",
        "NORMALE",
        20,
        0,
        0,
        107
      ]
    ],
    [
      37,
      [
        "FANGO",
        "VELENO",
        20,
        65,
        100,
        124
      ]
    ],
    [
      42,
      [
        "RAFFORZATORE",
        "NORMALE",
        30,
        0,
        0,
        106
      ]
    ],
    [
      48,
      [
        "STRIDIO",
        "NORMALE",
        40,
        0,
        85,
        103
      ]
    ],
    [
      55,
      [
        "SCUDO ACIDO",
        "VELENO",
        40,
        0,
        0,
        151
      ]
    ]
  ]
}