{
  "name": "APOKALYPSO",
  "NO": 130,
  "base_stats": [
    95,
    125,
    79,
    81,
    100,
    15.82
  ],
  "types": [
    "ACQUA",
    "VOLANTE"
  ],
  "expected_level": [
    50,
    1250000
  ],
  "level_up_moves": [
    [
      0,
      [
        "MORSO",
        "NORMALE",
        25,
        60,
        100,
        44
      ]
    ],
    [
      1,
      [
        "IRA DI DRAGO",
        "DRAGO",
        10,
        0,
        100,
        82
      ]
    ],
    [
      2,
      [
        "FULMISGUARDO",
        "NORMALE",
        30,
        0,
        100,
        43
      ]
    ],
    [
      3,
      [
        "IDROPOMPA",
        "ACQUA",
        5,
        120,
        80,
        56
      ]
    ],
    [
      20,
      [
        "MORSO",
        "NORMALE",
        25,
        60,
        100,
        44
      ]
    ],
    [
      25,
      [
        "IRA DI DRAGO",
        "DRAGO",
        10,
        0,
        100,
        82
      ]
    ],
    [
      32,
      [
        "FULMISGUARDO",
        "NORMALE",
        30,
        0,
        100,
        43
      ]
    ],
    [
      41,
      [
        "IDROPOMPA",
        "ACQUA",
        5,
        120,
        80,
        56
      ]
    ],
    [
      52,
      [
        "IPERRAGGIO",
        "NORMALE",
        5,
        150,
        90,
        63
      ]
    ]
  ]
}