{
  "name": "CALCIATEKA",
  "NO": 106,
  "base_stats": [
    50,
    120,
    53,
    87,
    35,
    16.99
  ],
  "types": [
    "LOTTA",
    "LOTTA"
  ],
  "expected_level": [
    54,
    1000000
  ],
  "level_up_moves": [
    [
      0,
      [
        "DOPPIOCALCIO",
        "LOTTA",
        30,
        30,
        100,
        24
      ]
    ],
    [
      1,
      [
        "MEDITAZIONE",
        "PSICO",
        40,
        0,
        0,
        96
      ]
    ],
    [
      2,
      [
        "",
        "",
        0,
        0,
        0,
        0
      ]
    ],
    [
      3,
      [
        "",
        "",
        0,
        0,
        0,
        0
      ]
    ],
    [
      33,
      [
        "CALCIORULLO",
        "LOTTA",
        15,
        60,
        85,
        27
      ]
    ],
    [
      38,
      [
        "CALCIOSALTO",
        "LOTTA",
        25,
        70,
        95,
        26
      ]
    ],
    [
      43,
      [
        "FOCALENERGIA",
        "NORMALE",
        30,
        0,
        0,
        116
      ]
    ],
    [
      48,
      [
        "CALCINVOLO",
        "LOTTA",
        20,
        85,
        90,
        136
      ]
    ],
    [
      53,
      [
        "MEGACALCIO",
        "NORMALE",
        5,
        120,
        75,
        25
      ]
    ]
  ]
}