{
  "name": "TORPENDOL",
  "NO": 97,
  "base_stats": [
    85,
    73,
    70,
    67,
    115,
    13.09
  ],
  "types": [
    "PSICO",
    "PSICO"
  ],
  "expected_level": [
    54,
    1000000
  ],
  "level_up_moves": [
    [
      0,
      [
        "BOTTA",
        "NORMALE",
        35,
        40,
        100,
        1
      ]
    ],
    [
      1,
      [
        "IPNOSI",
        "PSICO",
        20,
        0,
        60,
        95
      ]
    ],
    [
      2,
      [
        "INIBITORE",
        "NORMALE",
        20,
        0,
        55,
        50
      ]
    ],
    [
      3,
      [
        "CONFUSIONE",
        "PSICO",
        25,
        50,
        100,
        93
      ]
    ],
    [
      12,
      [
        "INIBITORE",
        "NORMALE",
        20,
        0,
        55,
        50
      ]
    ],
    [
      17,
      [
        "CONFUSIONE",
        "PSICO",
        25,
        50,
        100,
        93
      ]
    ],
    [
      24,
      [
        "BOTTINTESTA",
        "NORMALE",
        15,
        70,
        100,
        29
      ]
    ],
    [
      33,
      [
        "VELENOGAS",
        "VELENO",
        40,
        0,
        55,
        139
      ]
    ],
    [
      37,
      [
        "PSICHICO",
        "PSICO",
        10,
        90,
        100,
        94
      ]
    ],
    [
      43,
      [
        "MEDITAZIONE",
        "PSICO",
        40,
        0,
        0,
        96
      ]
    ]
  ]
}