{
  "name": "ELMULO",
  "NO": 140,
  "base_stats": [
    30,
    80,
    90,
    55,
    45,
    10.74
  ],
  "types": [
    "ROCCIA",
    "ACQUA"
  ],
  "expected_level": [
    54,
    1000000
  ],
  "level_up_moves": [
    [
      0,
      [
        "GRAFFIO",
        "NORMALE",
        35,
        40,
        100,
        10
      ]
    ],
    [
      1,
      [
        "RAFFORZATORE",
        "NORMALE",
        30,
        0,
        0,
        106
      ]
    ],
    [
      2,
      [
        "",
        "",
        0,
        0,
        0,
        0
      ]
    ],
    [
      3,
      [
        "",
        "",
        0,
        0,
        0,
        0
      ]
    ],
    [
      34,
      [
        "ASSORBIMENTO",
        "ERBA",
        20,
        20,
        100,
        71
      ]
    ],
    [
      39,
      [
        "LACERAZIONE",
        "NORMALE",
        20,
        70,
        100,
        0
      ]
    ],
    [
      44,
      [
        "FULMISGUARDO",
        "NORMALE",
        30,
        0,
        100,
        43
      ]
    ],
    [
      49,
      [
        "IDROPOMPA",
        "ACQUA",
        5,
        120,
        80,
        56
      ]
    ]
  ]
}