{
  "name": "TRIVALLO",
  "NO": 14,
  "base_stats": [
    45,
    25,
    50,
    35,
    25,
    6.84
  ],
  "types": [
    "INSETTO",
    "VELENO"
  ],
  "expected_level": [
    54,
    1000000
  ],
  "level_up_moves": [
    [
      0,
      [
        "RAFFORZATORE",
        "NORMALE",
        30,
        0,
        0,
        106
      ]
    ],
    [
      1,
      [
        "",
        "",
        0,
        0,
        0,
        0
      ]
    ],
    [
      2,
      [
        "",
        "",
        0,
        0,
        0,
        0
      ]
    ],
    [
      3,
      [
        "",
        "",
        0,
        0,
        0,
        0
      ]
    ]
  ]
}