{
  "name": "INDOMATER",
  "NO": 115,
  "base_stats": [
    105,
    95,
    80,
    90,
    40,
    17.58
  ],
  "types": [
    "NORMALE",
    "NORMALE"
  ],
  "expected_level": [
    54,
    1000000
  ],
  "level_up_moves": [
    [
      0,
      [
        "COMETAPUGNO",
        "NORMALE",
        15,
        18,
        85,
        4
      ]
    ],
    [
      1,
      [
        "IRA",
        "NORMALE",
        20,
        20,
        100,
        99
      ]
    ],
    [
      2,
      [
        "",
        "",
        0,
        0,
        0,
        0
      ]
    ],
    [
      3,
      [
        "",
        "",
        0,
        0,
        0,
        0
      ]
    ],
    [
      26,
      [
        "MORSO",
        "NORMALE",
        25,
        60,
        100,
        44
      ]
    ],
    [
      31,
      [
        "COLPOCODA",
        "NORMALE",
        30,
        0,
        100,
        39
      ]
    ],
    [
      36,
      [
        "MEGAPUGNO",
        "NORMALE",
        20,
        80,
        85,
        5
      ]
    ],
    [
      41,
      [
        "FULMISGUARDO",
        "NORMALE",
        30,
        0,
        100,
        43
      ]
    ],
    [
      46,
      [
        "STORDIPUGNO",
        "NORMALE",
        10,
        70,
        100,
        146
      ]
    ]
  ]
}