{
  "name": "KELINO",
  "NO": 98,
  "base_stats": [
    30,
    105,
    90,
    50,
    25,
    9.77
  ],
  "types": [
    "ACQUA",
    "ACQUA"
  ],
  "expected_level": [
    54,
    1000000
  ],
  "level_up_moves": [
    [
      0,
      [
        "BOLLA",
        "ACQUA",
        30,
        20,
        100,
        145
      ]
    ],
    [
      1,
      [
        "FULMISGUARDO",
        "NORMALE",
        30,
        0,
        100,
        43
      ]
    ],
    [
      2,
      [
        "",
        "",
        0,
        0,
        0,
        0
      ]
    ],
    [
      3,
      [
        "",
        "",
        0,
        0,
        0,
        0
      ]
    ],
    [
      20,
      [
        "PRESA",
        "NORMALE",
        30,
        55,
        100,
        11
      ]
    ],
    [
      25,
      [
        "GHIGLIOTTINA",
        "NORMALE",
        5,
        0,
        30,
        12
      ]
    ],
    [
      30,
      [
        "PESTONE",
        "NORMALE",
        20,
        65,
        100,
        23
      ]
    ],
    [
      35,
      [
        "MARTELCHELA",
        "ACQUA",
        10,
        90,
        85,
        152
      ]
    ],
    [
      40,
      [
        "RAFFORZATORE",
        "NORMALE",
        30,
        0,
        0,
        106
      ]
    ]
  ]
}