{
  "name": "TRAGHESSIE",
  "NO": 131,
  "base_stats": [
    130,
    85,
    80,
    60,
    95,
    11.72
  ],
  "types": [
    "ACQUA",
    "GHIACCIO"
  ],
  "expected_level": [
    50,
    1250000
  ],
  "level_up_moves": [
    [
      0,
      [
        "PISTOLACQUA",
        "ACQUA",
        25,
        40,
        100,
        55
      ]
    ],
    [
      1,
      [
        "RUGGITO",
        "NORMALE",
        40,
        0,
        100,
        45
      ]
    ],
    [
      2,
      [
        "",
        "",
        0,
        0,
        0,
        0
      ]
    ],
    [
      3,
      [
        "",
        "",
        0,
        0,
        0,
        0
      ]
    ],
    [
      16,
      [
        "CANTO",
        "NORMALE",
        15,
        0,
        55,
        47
      ]
    ],
    [
      20,
      [
        "NEBBIA",
        "GHIACCIO",
        30,
        0,
        0,
        54
      ]
    ],
    [
      25,
      [
        "CORPOSCONTRO",
        "NORMALE",
        15,
        85,
        100,
        34
      ]
    ],
    [
      31,
      [
        "STORDIRAGGIO",
        "SPETTRO",
        10,
        0,
        100,
        109
      ]
    ],
    [
      38,
      [
        "GELORAGGIO",
        "GHIACCIO",
        10,
        95,
        100,
        58
      ]
    ],
    [
      46,
      [
        "IDROPOMPA",
        "ACQUA",
        5,
        120,
        80,
        56
      ]
    ]
  ]
}