{
  "name": "LINGUANA",
  "NO": 108,
  "base_stats": [
    90,
    55,
    75,
    30,
    60,
    5.86
  ],
  "types": [
    "NORMALE",
    "NORMALE"
  ],
  "expected_level": [
    54,
    1000000
  ],
  "level_up_moves": [
    [
      0,
      [
        "AVVOLGIBOTTA",
        "NORMALE",
        20,
        15,
        85,
        35
      ]
    ],
    [
      1,
      [
        "SUPERSUONO",
        "NORMALE",
        20,
        0,
        55,
        48
      ]
    ],
    [
      2,
      [
        "",
        "",
        0,
        0,
        0,
        0
      ]
    ],
    [
      3,
      [
        "",
        "",
        0,
        0,
        0,
        0
      ]
    ],
    [
      7,
      [
        "PESTONE",
        "NORMALE",
        20,
        65,
        100,
        23
      ]
    ],
    [
      15,
      [
        "INIBITORE",
        "NORMALE",
        20,
        0,
        55,
        50
      ]
    ],
    [
      23,
      [
        "RICCIOLSCUDO",
        "NORMALE",
        40,
        0,
        0,
        111
      ]
    ],
    [
      31,
      [
        "SCHIANTO",
        "NORMALE",
        20,
        80,
        75,
        21
      ]
    ],
    [
      39,
      [
        "STRIDIO",
        "NORMALE",
        40,
        0,
        85,
        103
      ]
    ]
  ]
}