{
  "name": "CULTURISSA",
  "NO": 67,
  "base_stats": [
    80,
    100,
    70,
    45,
    50,
    8.79
  ],
  "types": [
    "LOTTA",
    "LOTTA"
  ],
  "expected_level": [
    55,
    1059860
  ],
  "level_up_moves": [
    [
      0,
      [
        "COLPOKARATE",
        "NORMALE",
        25,
        50,
        100,
        2
      ]
    ],
    [
      1,
      [
        "COLPO BASSO",
        "LOTTA",
        20,
        50,
        90,
        67
      ]
    ],
    [
      2,
      [
        "FULMISGUARDO",
        "NORMALE",
        30,
        0,
        100,
        43
      ]
    ],
    [
      3,
      [
        "",
        "",
        0,
        0,
        0,
        0
      ]
    ],
    [
      20,
      [
        "COLPO BASSO",
        "LOTTA",
        20,
        50,
        90,
        67
      ]
    ],
    [
      25,
      [
        "FULMISGUARDO",
        "NORMALE",
        30,
        0,
        100,
        43
      ]
    ],
    [
      36,
      [
        "FOCALENERGIA",
        "NORMALE",
        30,
        0,
        0,
        116
      ]
    ],
    [
      44,
      [
        "MOV SISMICO",
        "LOTTA",
        20,
        0,
        100,
        69
      ]
    ],
    [
      52,
      [
        "SOTTOMISS.",
        "LOTTA",
        25,
        80,
        80,
        66
      ]
    ]
  ]
}