{
  "name": "KARPADIEM",
  "NO": 129,
  "base_stats": [
    20,
    10,
    55,
    80,
    20,
    15.62
  ],
  "types": [
    "ACQUA",
    "ACQUA"
  ],
  "expected_level": [
    50,
    1250000
  ],
  "level_up_moves": [
    [
      0,
      [
        "SPLASH",
        "NORMALE",
        40,
        0,
        0,
        150
      ]
    ],
    [
      1,
      [
        "",
        "",
        0,
        0,
        0,
        0
      ]
    ],
    [
      2,
      [
        "",
        "",
        0,
        0,
        0,
        0
      ]
    ],
    [
      3,
      [
        "",
        "",
        0,
        0,
        0,
        0
      ]
    ],
    [
      15,
      [
        "AZIONE",
        "NORMALE",
        35,
        35,
        95,
        33
      ]
    ]
  ]
}