{
  "name": "ARROSTRO",
  "NO": 126,
  "base_stats": [
    65,
    95,
    57,
    93,
    85,
    18.16
  ],
  "types": [
    "FUOCO",
    "FUOCO"
  ],
  "expected_level": [
    54,
    1000000
  ],
  "level_up_moves": [
    [
      0,
      [
        "BRACIERE",
        "FUOCO",
        25,
        40,
        100,
        52
      ]
    ],
    [
      1,
      [
        "",
        "",
        0,
        0,
        0,
        0
      ]
    ],
    [
      2,
      [
        "",
        "",
        0,
        0,
        0,
        0
      ]
    ],
    [
      3,
      [
        "",
        "",
        0,
        0,
        0,
        0
      ]
    ],
    [
      36,
      [
        "FULMISGUARDO",
        "NORMALE",
        30,
        0,
        100,
        43
      ]
    ],
    [
      39,
      [
        "STORDIRAGGIO",
        "SPETTRO",
        10,
        0,
        100,
        109
      ]
    ],
    [
      43,
      [
        "FUOCOPUGNO",
        "FUOCO",
        15,
        75,
        100,
        7
      ]
    ],
    [
      48,
      [
        "MURO DI FUMO",
        "NORMALE",
        20,
        0,
        100,
        108
      ]
    ],
    [
      52,
      [
        "SMOG",
        "VELENO",
        20,
        20,
        70,
        123
      ]
    ],
    [
      55,
      [
        "LANCIAFIAMME",
        "FUOCO",
        15,
        95,
        100,
        53
      ]
    ]
  ]
}