{
  "name": "MAGNEMITA",
  "NO": 81,
  "base_stats": [
    25,
    35,
    70,
    45,
    95,
    8.79
  ],
  "types": [
    "ELETTRO",
    "ELETTRO"
  ],
  "expected_level": [
    54,
    1000000
  ],
  "level_up_moves": [
    [
      0,
      [
        "AZIONE",
        "NORMALE",
        35,
        35,
        95,
        33
      ]
    ],
    [
      1,
      [
        "",
        "",
        0,
        0,
        0,
        0
      ]
    ],
    [
      2,
      [
        "",
        "",
        0,
        0,
        0,
        0
      ]
    ],
    [
      3,
      [
        "",
        "",
        0,
        0,
        0,
        0
      ]
    ],
    [
      21,
      [
        "SONICBOOM",
        "NORMALE",
        20,
        0,
        90,
        49
      ]
    ],
    [
      25,
      [
        "TUONOSHOCK",
        "ELETTRO",
        30,
        40,
        100,
        84
      ]
    ],
    [
      29,
      [
        "SUPERSUONO",
        "NORMALE",
        20,
        0,
        55,
        48
      ]
    ],
    [
      35,
      [
        "TUONONDA",
        "ELETTRO",
        20,
        0,
        100,
        86
      ]
    ],
    [
      41,
      [
        "COMETE",
        "NORMALE",
        20,
        60,
        0,
        129
      ]
    ],
    [
      47,
      [
        "STRIDIO",
        "NORMALE",
        40,
        0,
        85,
        103
      ]
    ]
  ]
}