{
  "name": "OSSOSSINO",
  "NO": 105,
  "base_stats": [
    60,
    80,
    110,
    45,
    50,
    8.79
  ],
  "types": [
    "TERRA",
    "TERRA"
  ],
  "expected_level": [
    54,
    1000000
  ],
  "level_up_moves": [
    [
      0,
      [
        "OSSOCLAVA",
        "TERRA",
        20,
        65,
        85,
        125
      ]
    ],
    [
      1,
      [
        "RUGGITO",
        "NORMALE",
        40,
        0,
        100,
        45
      ]
    ],
    [
      2,
      [
        "FULMISGUARDO",
        "NORMALE",
        30,
        0,
        100,
        43
      ]
    ],
    [
      3,
      [
        "FOCALENERGIA",
        "NORMALE",
        30,
        0,
        0,
        116
      ]
    ],
    [
      25,
      [
        "FULMISGUARDO",
        "NORMALE",
        30,
        0,
        100,
        43
      ]
    ],
    [
      33,
      [
        "FOCALENERGIA",
        "NORMALE",
        30,
        0,
        0,
        116
      ]
    ],
    [
      41,
      [
        "COLPO",
        "NORMALE",
        20,
        90,
        100,
        37
      ]
    ],
    [
      48,
      [
        "OSSOMERANG",
        "TERRA",
        10,
        50,
        90,
        155
      ]
    ],
    [
      55,
      [
        "IRA",
        "NORMALE",
        20,
        20,
        100,
        99
      ]
    ]
  ]
}