{
  "name": "MEWTWO",
  "NO": 150,
  "base_stats": [
    106,
    110,
    90,
    130,
    154,
    25.39
  ],
  "types": [
    "PSICO",
    "PSICO"
  ],
  "expected_level": [
    50,
    1250000
  ],
  "level_up_moves": [
    [
      0,
      [
        "CONFUSIONE",
        "PSICO",
        25,
        50,
        100,
        93
      ]
    ],
    [
      1,
      [
        "INIBITORE",
        "NORMALE",
        20,
        0,
        55,
        50
      ]
    ],
    [
      2,
      [
        "COMETE",
        "NORMALE",
        20,
        60,
        0,
        129
      ]
    ],
    [
      3,
      [
        "PSICHICO",
        "PSICO",
        10,
        90,
        100,
        94
      ]
    ],
    [
      63,
      [
        "BARRIERA",
        "PSICO",
        30,
        0,
        0,
        112
      ]
    ],
    [
      66,
      [
        "PSICHICO",
        "PSICO",
        10,
        90,
        100,
        94
      ]
    ],
    [
      70,
      [
        "RIPRESA",
        "NORMALE",
        20,
        0,
        0,
        105
      ]
    ],
    [
      75,
      [
        "NEBBIA",
        "GHIACCIO",
        30,
        0,
        0,
        54
      ]
    ],
    [
      81,
      [
        "AMNESIA",
        "PSICO",
        20,
        0,
        0,
        133
      ]
    ]
  ]
}