{
  "name": "AGONIGLIO M",
  "NO": 32,
  "base_stats": [
    46,
    57,
    40,
    50,
    40,
    9.77
  ],
  "types": [
    "VELENO",
    "VELENO"
  ],
  "expected_level": [
    55,
    1059860
  ],
  "level_up_moves": [
    [
      0,
      [
        "FULMISGUARDO",
        "NORMALE",
        30,
        0,
        100,
        43
      ]
    ],
    [
      1,
      [
        "AZIONE",
        "NORMALE",
        35,
        35,
        95,
        33
      ]
    ],
    [
      2,
      [
        "",
        "",
        0,
        0,
        0,
        0
      ]
    ],
    [
      3,
      [
        "",
        "",
        0,
        0,
        0,
        0
      ]
    ],
    [
      8,
      [
        "INCORNATA",
        "NORMALE",
        25,
        65,
        100,
        30
      ]
    ],
    [
      14,
      [
        "VELENOSPINA",
        "VELENO",
        35,
        15,
        100,
        40
      ]
    ],
    [
      21,
      [
        "FOCALENERGIA",
        "NORMALE",
        30,
        0,
        0,
        116
      ]
    ],
    [
      29,
      [
        "FURIA",
        "NORMALE",
        20,
        15,
        85,
        31
      ]
    ],
    [
      36,
      [
        "PERFORCORNO",
        "NORMALE",
        5,
        0,
        30,
        32
      ]
    ],
    [
      43,
      [
        "DOPPIOCALCIO",
        "LOTTA",
        30,
        30,
        100,
        24
      ]
    ]
  ]
}