{
  "name": "AGONIGLIO F",
  "NO": 29,
  "base_stats": [
    55,
    47,
    52,
    41,
    40,
    8.01
  ],
  "types": [
    "VELENO",
    "VELENO"
  ],
  "expected_level": [
    55,
    1059860
  ],
  "level_up_moves": [
    [
      0,
      [
        "RUGGITO",
        "NORMALE",
        40,
        0,
        100,
        45
      ]
    ],
    [
      1,
      [
        "AZIONE",
        "NORMALE",
        35,
        35,
        95,
        33
      ]
    ],
    [
      2,
      [
        "",
        "",
        0,
        0,
        0,
        0
      ]
    ],
    [
      3,
      [
        "",
        "",
        0,
        0,
        0,
        0
      ]
    ],
    [
      8,
      [
        "GRAFFIO",
        "NORMALE",
        35,
        40,
        100,
        10
      ]
    ],
    [
      14,
      [
        "VELENOSPINA",
        "VELENO",
        35,
        15,
        100,
        40
      ]
    ],
    [
      21,
      [
        "COLPOCODA",
        "NORMALE",
        30,
        0,
        100,
        39
      ]
    ],
    [
      29,
      [
        "MORSO",
        "NORMALE",
        25,
        60,
        100,
        44
      ]
    ],
    [
      36,
      [
        "SFURIATE",
        "NORMALE",
        15,
        18,
        80,
        154
      ]
    ],
    [
      43,
      [
        "DOPPIOCALCIO",
        "LOTTA",
        30,
        30,
        100,
        24
      ]
    ]
  ]
}