{
  "name": "AGOREX",
  "NO": 34,
  "base_stats": [
    81,
    92,
    77,
    85,
    75,
    16.6
  ],
  "types": [
    "VELENO",
    "TERRA"
  ],
  "expected_level": [
    55,
    1059860
  ],
  "level_up_moves": [
    [
      0,
      [
        "AZIONE",
        "NORMALE",
        35,
        35,
        95,
        33
      ]
    ],
    [
      1,
      [
        "INCORNATA",
        "NORMALE",
        25,
        65,
        100,
        30
      ]
    ],
    [
      2,
      [
        "VELENOSPINA",
        "VELENO",
        35,
        15,
        100,
        40
      ]
    ],
    [
      3,
      [
        "COLPO",
        "NORMALE",
        20,
        90,
        100,
        37
      ]
    ],
    [
      8,
      [
        "INCORNATA",
        "NORMALE",
        25,
        65,
        100,
        30
      ]
    ],
    [
      14,
      [
        "VELENOSPINA",
        "VELENO",
        35,
        15,
        100,
        40
      ]
    ],
    [
      23,
      [
        "COLPO",
        "NORMALE",
        20,
        90,
        100,
        37
      ]
    ]
  ]
}