{
  "name": "NOVOLPENA",
  "NO": 38,
  "base_stats": [
    73,
    76,
    75,
    100,
    100,
    19.53
  ],
  "types": [
    "FUOCO",
    "FUOCO"
  ],
  "expected_level": [
    54,
    1000000
  ],
  "level_up_moves": [
    [
      0,
      [
        "BRACIERE",
        "FUOCO",
        25,
        40,
        100,
        52
      ]
    ],
    [
      1,
      [
        "COLPOCODA",
        "NORMALE",
        30,
        0,
        100,
        39
      ]
    ],
    [
      2,
      [
        "ATT. RAPIDO",
        "NORMALE",
        30,
        40,
        100,
        98
      ]
    ],
    [
      3,
      [
        "BOATO",
        "NORMALE",
        20,
        0,
        100,
        46
      ]
    ]
  ]
}