{
  "name": "MANDRAPA",
  "NO": 43,
  "base_stats": [
    45,
    50,
    55,
    30,
    75,
    5.86
  ],
  "types": [
    "ERBA",
    "VELENO"
  ],
  "expected_level": [
    55,
    1059860
  ],
  "level_up_moves": [
    [
      0,
      [
        "ASSORBIMENTO",
        "ERBA",
        20,
        20,
        100,
        71
      ]
    ],
    [
      1,
      [
        "",
        "",
        0,
        0,
        0,
        0
      ]
    ],
    [
      2,
      [
        "",
        "",
        0,
        0,
        0,
        0
      ]
    ],
    [
      3,
      [
        "",
        "",
        0,
        0,
        0,
        0
      ]
    ],
    [
      15,
      [
        "VELENPOLVERE",
        "VELENO",
        35,
        0,
        75,
        77
      ]
    ],
    [
      17,
      [
        "PARALIZZANTE",
        "ERBA",
        30,
        0,
        75,
        78
      ]
    ],
    [
      19,
      [
        "SONNIFERO",
        "ERBA",
        15,
        0,
        75,
        79
      ]
    ],
    [
      24,
      [
        "ACIDO",
        "VELENO",
        30,
        40,
        100,
        51
      ]
    ],
    [
      33,
      [
        "PETALODANZA",
        "ERBA",
        20,
        70,
        100,
        80
      ]
    ],
    [
      46,
      [
        "SOLARRAGGIO",
        "ERBA",
        10,
        120,
        100,
        76
      ]
    ]
  ]
}