{
  "name": "AMMONAUTA",
  "NO": 138,
  "base_stats": [
    35,
    40,
    100,
    35,
    90,
    6.84
  ],
  "types": [
    "ROCCIA",
    "ACQUA"
  ],
  "expected_level": [
    54,
    1000000
  ],
  "level_up_moves": [
    [
      0,
      [
        "PISTOLACQUA",
        "ACQUA",
        25,
        40,
        100,
        55
      ]
    ],
    [
      1,
      [
        "RITIRATA",
        "ACQUA",
        40,
        0,
        0,
        110
      ]
    ],
    [
      2,
      [
        "",
        "",
        0,
        0,
        0,
        0
      ]
    ],
    [
      3,
      [
        "",
        "",
        0,
        0,
        0,
        0
      ]
    ],
    [
      34,
      [
        "INCORNATA",
        "NORMALE",
        25,
        65,
        100,
        30
      ]
    ],
    [
      39,
      [
        "FULMISGUARDO",
        "NORMALE",
        30,
        0,
        100,
        43
      ]
    ],
    [
      46,
      [
        "SPARALANCE",
        "NORMALE",
        15,
        20,
        100,
        131
      ]
    ],
    [
      53,
      [
        "IDROPOMPA",
        "ACQUA",
        5,
        120,
        80,
        56
      ]
    ]
  ]
}