{
  "name": "AMMONITRO",
  "NO": 139,
  "base_stats": [
    70,
    60,
    125,
    55,
    115,
    10.74
  ],
  "types": [
    "ROCCIA",
    "ACQUA"
  ],
  "expected_level": [
    54,
    1000000
  ],
  "level_up_moves": [
    [
      0,
      [
        "PISTOLACQUA",
        "ACQUA",
        25,
        40,
        100,
        55
      ]
    ],
    [
      1,
      [
        "RITIRATA",
        "ACQUA",
        40,
        0,
        0,
        110
      ]
    ],
    [
      2,
      [
        "INCORNATA",
        "NORMALE",
        25,
        65,
        100,
        30
      ]
    ],
    [
      3,
      [
        "",
        "",
        0,
        0,
        0,
        0
      ]
    ],
    [
      34,
      [
        "INCORNATA",
        "NORMALE",
        25,
        65,
        100,
        30
      ]
    ],
    [
      39,
      [
        "FULMISGUARDO",
        "NORMALE",
        30,
        0,
        100,
        43
      ]
    ],
    [
      44,
      [
        "SPARALANCE",
        "NORMALE",
        15,
        20,
        100,
        131
      ]
    ],
    [
      49,
      [
        "IDROPOMPA",
        "ACQUA",
        5,
        120,
        80,
        56
      ]
    ]
  ]
}