{
  "name": "SERPETRUS",
  "NO": 95,
  "base_stats": [
    35,
    45,
    160,
    70,
    30,
    13.67
  ],
  "types": [
    "ROCCIA",
    "TERRA"
  ],
  "expected_level": [
    54,
    1000000
  ],
  "level_up_moves": [
    [
      0,
      [
        "AZIONE",
        "NORMALE",
        35,
        35,
        95,
        33
      ]
    ],
    [
      1,
      [
        "STRIDIO",
        "NORMALE",
        40,
        0,
        85,
        103
      ]
    ],
    [
      2,
      [
        "",
        "",
        0,
        0,
        0,
        0
      ]
    ],
    [
      3,
      [
        "",
        "",
        0,
        0,
        0,
        0
      ]
    ],
    [
      15,
      [
        "LEGATUTTO",
        "NORMALE",
        20,
        15,
        100,
        20
      ]
    ],
    [
      19,
      [
        "SASSATA",
        "ROCCIA",
        15,
        50,
        65,
        88
      ]
    ],
    [
      25,
      [
        "IRA",
        "NORMALE",
        20,
        20,
        100,
        99
      ]
    ],
    [
      33,
      [
        "SCHIANTO",
        "NORMALE",
        20,
        80,
        75,
        21
      ]
    ],
    [
      43,
      [
        "RAFFORZATORE",
        "NORMALE",
        30,
        0,
        0,
        106
      ]
    ]
  ]
}