{
  "name": "PARASCORDY",
  "NO": 47,
  "base_stats": [
    60,
    95,
    80,
    30,
    80,
    5.86
  ],
  "types": [
    "INSETTO",
    "ERBA"
  ],
  "expected_level": [
    54,
    1000000
  ],
  "level_up_moves": [
    [
      0,
      [
        "GRAFFIO",
        "NORMALE",
        35,
        40,
        100,
        10
      ]
    ],
    [
      1,
      [
        "PARALIZZANTE",
        "ERBA",
        30,
        0,
        75,
        78
      ]
    ],
    [
      2,
      [
        "SANGUISUGA",
        "COLEOTT",
        15,
        20,
        100,
        141
      ]
    ],
    [
      3,
      [
        "",
        "",
        0,
        0,
        0,
        0
      ]
    ],
    [
      13,
      [
        "PARALIZZANTE",
        "ERBA",
        30,
        0,
        75,
        78
      ]
    ],
    [
      20,
      [
        "SANGUISUGA",
        "COLEOTT",
        15,
        20,
        100,
        141
      ]
    ],
    [
      30,
      [
        "SPORA",
        "ERBA",
        15,
        0,
        100,
        147
      ]
    ],
    [
      39,
      [
        "LACERAZIONE",
        "NORMALE",
        20,
        70,
        100,
        163
      ]
    ],
    [
      48,
      [
        "CRESCITA",
        "NORMALE",
        40,
        0,
        0,
        74
      ]
    ]
  ]
}