{
  "name": "PIJJETTO",
  "NO": 18,
  "base_stats": [
    83,
    80,
    75,
    91,
    70,
    17.77
  ],
  "types": [
    "NORMALE",
    "VOLANTE"
  ],
  "expected_level": [
    55,
    1059860
  ],
  "level_up_moves": [
    [
      0,
      [
        "RAFFICA",
        "NORMALE",
        35,
        40,
        100,
        16
      ]
    ],
    [
      1,
      [
        "TURBOSABBIA",
        "NORMALE",
        15,
        0,
        100,
        28
      ]
    ],
    [
      2,
      [
        "ATT. RAPIDO",
        "NORMALE",
        30,
        40,
        100,
        98
      ]
    ],
    [
      3,
      [
        "",
        "",
        0,
        0,
        0,
        0
      ]
    ],
    [
      5,
      [
        "TURBOSABBIA",
        "NORMALE",
        15,
        0,
        100,
        28
      ]
    ],
    [
      12,
      [
        "ATT. RAPIDO",
        "NORMALE",
        30,
        40,
        100,
        98
      ]
    ],
    [
      21,
      [
        "TURBINE",
        "NORMALE",
        20,
        0,
        85,
        18
      ]
    ],
    [
      31,
      [
        "ATT. D'ALA",
        "VOLANTE",
        35,
        35,
        100,
        17
      ]
    ],
    [
      44,
      [
        "AGILIT\u00c0",
        "PSICO",
        30,
        0,
        0,
        97
      ]
    ],
    [
      54,
      [
        "SPECULMOSSA",
        "VOLANTE",
        20,
        0,
        0,
        119
      ]
    ]
  ]
}