{
  "name": "STRANGOLIA",
  "NO": 127,
  "base_stats": [
    65,
    125,
    100,
    85,
    55,
    16.6
  ],
  "types": [
    "INSETTO",
    "INSETTO"
  ],
  "expected_level": [
    50,
    1250000
  ],
  "level_up_moves": [
    [
      0,
      [
        "PRESA",
        "NORMALE",
        30,
        55,
        100,
        11
      ]
    ],
    [
      1,
      [
        "",
        "",
        0,
        0,
        0,
        0
      ]
    ],
    [
      2,
      [
        "",
        "",
        0,
        0,
        0,
        0
      ]
    ],
    [
      3,
      [
        "",
        "",
        0,
        0,
        0,
        0
      ]
    ],
    [
      25,
      [
        "MOV SISMICO",
        "LOTTA",
        20,
        0,
        100,
        69
      ]
    ],
    [
      30,
      [
        "GHIGLIOTTINA",
        "NORMALE",
        5,
        0,
        30,
        12
      ]
    ],
    [
      36,
      [
        "FOCALENERGIA",
        "NORMALE",
        30,
        0,
        0,
        116
      ]
    ],
    [
      43,
      [
        "RAFFORZATORE",
        "NORMALE",
        30,
        0,
        0,
        106
      ]
    ],
    [
      49,
      [
        "LACERAZIONE",
        "NORMALE",
        20,
        70,
        100,
        163
      ]
    ],
    [
      54,
      [
        "DANZASPADA",
        "NORMALE",
        30,
        0,
        0,
        14
      ]
    ]
  ]
}