{
  "name": "GIRACONDO",
  "NO": 62,
  "base_stats": [
    90,
    85,
    95,
    70,
    70,
    13.67
  ],
  "types": [
    "ACQUA",
    "LOTTA"
  ],
  "expected_level": [
    55,
    1059860
  ],
  "level_up_moves": [
    [
      0,
      [
        "IPNOSI",
        "PSICO",
        20,
        0,
        60,
        95
      ]
    ],
    [
      1,
      [
        "PISTOLACQUA",
        "ACQUA",
        25,
        40,
        100,
        55
      ]
    ],
    [
      2,
      [
        "DOPPIASBERLA",
        "NORMALE",
        10,
        15,
        85,
        3
      ]
    ],
    [
      3,
      [
        "CORPOSCONTRO",
        "NORMALE",
        15,
        85,
        100,
        34
      ]
    ],
    [
      16,
      [
        "IPNOSI",
        "PSICO",
        20,
        0,
        60,
        95
      ]
    ],
    [
      19,
      [
        "PISTOLACQUA",
        "ACQUA",
        25,
        40,
        100,
        55
      ]
    ]
  ]
}