{
  "name": "RIGIRINO",
  "NO": 61,
  "base_stats": [
    65,
    65,
    65,
    90,
    50,
    17.58
  ],
  "types": [
    "ACQUA",
    "ACQUA"
  ],
  "expected_level": [
    55,
    1059860
  ],
  "level_up_moves": [
    [
      0,
      [
        "BOLLA",
        "ACQUA",
        30,
        20,
        100,
        145
      ]
    ],
    [
      1,
      [
        "IPNOSI",
        "PSICO",
        20,
        0,
        60,
        95
      ]
    ],
    [
      2,
      [
        "PISTOLACQUA",
        "ACQUA",
        25,
        40,
        100,
        55
      ]
    ],
    [
      3,
      [
        "",
        "",
        0,
        0,
        0,
        0
      ]
    ],
    [
      16,
      [
        "IPNOSI",
        "PSICO",
        20,
        0,
        60,
        95
      ]
    ],
    [
      19,
      [
        "PISTOLACQUA",
        "ACQUA",
        25,
        40,
        100,
        55
      ]
    ],
    [
      26,
      [
        "DOPPIASBERLA",
        "NORMALE",
        10,
        15,
        85,
        3
      ]
    ],
    [
      33,
      [
        "CORPOSCONTRO",
        "NORMALE",
        15,
        85,
        100,
        34
      ]
    ],
    [
      41,
      [
        "AMNESIA",
        "PSICO",
        20,
        0,
        0,
        133
      ]
    ],
    [
      49,
      [
        "IDROPOMPA",
        "ACQUA",
        5,
        120,
        80,
        56
      ]
    ]
  ]
}