{
  "name": "SPAKKAKO",
  "NO": 57,
  "base_stats": [
    65,
    105,
    60,
    95,
    60,
    18.55
  ],
  "types": [
    "LOTTA",
    "LOTTA"
  ],
  "expected_level": [
    54,
    1000000
  ],
  "level_up_moves": [
    [
      0,
      [
        "GRAFFIO",
        "NORMALE",
        35,
        40,
        100,
        10
      ]
    ],
    [
      1,
      [
        "FULMISGUARDO",
        "NORMALE",
        30,
        0,
        100,
        43
      ]
    ],
    [
      2,
      [
        "COLPOKARATE",
        "NORMALE",
        25,
        50,
        100,
        2
      ]
    ],
    [
      3,
      [
        "SFURIATE",
        "NORMALE",
        15,
        18,
        80,
        154
      ]
    ],
    [
      15,
      [
        "COLPOKARATE",
        "NORMALE",
        25,
        50,
        100,
        2
      ]
    ],
    [
      21,
      [
        "SFURIATE",
        "NORMALE",
        15,
        18,
        80,
        154
      ]
    ],
    [
      27,
      [
        "FOCALENERGIA",
        "NORMALE",
        30,
        0,
        0,
        116
      ]
    ],
    [
      37,
      [
        "MOV SISMICO",
        "LOTTA",
        20,
        0,
        100,
        69
      ]
    ],
    [
      46,
      [
        "COLPO",
        "NORMALE",
        20,
        90,
        100,
        37
      ]
    ]
  ]
}