{
  "name": "RAICHU",
  "NO": 26,
  "base_stats": [
    60,
    90,
    55,
    100,
    90,
    19.53
  ],
  "types": [
    "ELETTRO",
    "ELETTRO"
  ],
  "expected_level": [
    54,
    1000000
  ],
  "level_up_moves": [
    [
      0,
      [
        "TUONOSHOCK",
        "ELETTRO",
        30,
        40,
        100,
        84
      ]
    ],
    [
      1,
      [
        "RUGGITO",
        "NORMALE",
        40,
        0,
        100,
        45
      ]
    ],
    [
      2,
      [
        "TUONONDA",
        "ELETTRO",
        20,
        0,
        100,
        86
      ]
    ],
    [
      3,
      [
        "",
        "",
        0,
        0,
        0,
        0
      ]
    ]
  ]
}