{
  "name": "BRUCEFALO",
  "NO": 78,
  "base_stats": [
    65,
    100,
    70,
    105,
    80,
    20.51
  ],
  "types": [
    "FUOCO",
    "FUOCO"
  ],
  "expected_level": [
    54,
    1000000
  ],
  "level_up_moves": [
    [
      0,
      [
        "BRACIERE",
        "FUOCO",
        25,
        40,
        100,
        52
      ]
    ],
    [
      1,
      [
        "COLPOCODA",
        "NORMALE",
        30,
        0,
        100,
        39
      ]
    ],
    [
      2,
      [
        "PESTONE",
        "NORMALE",
        20,
        65,
        100,
        23
      ]
    ],
    [
      3,
      [
        "RUGGITO",
        "NORMALE",
        40,
        0,
        100,
        45
      ]
    ],
    [
      30,
      [
        "COLPOCODA",
        "NORMALE",
        30,
        0,
        100,
        39
      ]
    ],
    [
      32,
      [
        "PESTONE",
        "NORMALE",
        20,
        65,
        100,
        23
      ]
    ],
    [
      35,
      [
        "RUGGITO",
        "NORMALE",
        40,
        0,
        100,
        45
      ]
    ],
    [
      39,
      [
        "TURBOFUOCO",
        "FUOCO",
        15,
        15,
        70,
        83
      ]
    ],
    [
      47,
      [
        "RIDUTTORE",
        "NORMALE",
        20,
        90,
        85,
        36
      ]
    ],
    [
      55,
      [
        "AGILIT\u00c0",
        "PSICO",
        30,
        0,
        0,
        97
      ]
    ]
  ]
}