{
  "name": "TRAFORONTE",
  "NO": 112,
  "base_stats": [
    105,
    130,
    120,
    40,
    45,
    7.81
  ],
  "types": [
    "TERRA",
    "ROCCIA"
  ],
  "expected_level": [
    50,
    1250000
  ],
  "level_up_moves": [
    [
      0,
      [
        "INCORNATA",
        "NORMALE",
        25,
        65,
        100,
        30
      ]
    ],
    [
      1,
      [
        "PESTONE",
        "NORMALE",
        20,
        65,
        100,
        23
      ]
    ],
    [
      2,
      [
        "COLPOCODA",
        "NORMALE",
        30,
        0,
        100,
        39
      ]
    ],
    [
      3,
      [
        "FURIA",
        "NORMALE",
        20,
        15,
        85,
        31
      ]
    ],
    [
      30,
      [
        "PESTONE",
        "NORMALE",
        20,
        65,
        100,
        23
      ]
    ],
    [
      35,
      [
        "COLPOCODA",
        "NORMALE",
        30,
        0,
        100,
        39
      ]
    ],
    [
      40,
      [
        "FURIA",
        "NORMALE",
        20,
        15,
        85,
        31
      ]
    ],
    [
      48,
      [
        "PERFORCORNO",
        "NORMALE",
        5,
        0,
        30,
        32
      ]
    ],
    [
      55,
      [
        "FULMISGUARDO",
        "NORMALE",
        30,
        0,
        100,
        43
      ]
    ],
    [
      64,
      [
        "RIDUTTORE",
        "NORMALE",
        20,
        90,
        85,
        36
      ]
    ]
  ]
}