{
  "name": "ROCCERONTE",
  "NO": 111,
  "base_stats": [
    80,
    85,
    95,
    25,
    30,
    4.88
  ],
  "types": [
    "TERRA",
    "ROCCIA"
  ],
  "expected_level": [
    50,
    1250000
  ],
  "level_up_moves": [
    [
      0,
      [
        "INCORNATA",
        "NORMALE",
        25,
        65,
        100,
        30
      ]
    ],
    [
      1,
      [
        "",
        "",
        0,
        0,
        0,
        0
      ]
    ],
    [
      2,
      [
        "",
        "",
        0,
        0,
        0,
        0
      ]
    ],
    [
      3,
      [
        "",
        "",
        0,
        0,
        0,
        0
      ]
    ],
    [
      30,
      [
        "PESTONE",
        "NORMALE",
        20,
        65,
        100,
        23
      ]
    ],
    [
      35,
      [
        "COLPOCODA",
        "NORMALE",
        30,
        0,
        100,
        39
      ]
    ],
    [
      40,
      [
        "FURIA",
        "NORMALE",
        20,
        15,
        85,
        31
      ]
    ],
    [
      45,
      [
        "PERFORCORNO",
        "NORMALE",
        5,
        0,
        30,
        32
      ]
    ],
    [
      50,
      [
        "FULMISGUARDO",
        "NORMALE",
        30,
        0,
        100,
        43
      ]
    ],
    [
      55,
      [
        "RIDUTTORE",
        "NORMALE",
        20,
        90,
        85,
        36
      ]
    ]
  ]
}