{
  "name": "PUNGOLINO",
  "NO": 28,
  "base_stats": [
    75,
    100,
    110,
    65,
    55,
    12.7
  ],
  "types": [
    "TERRA",
    "TERRA"
  ],
  "expected_level": [
    54,
    1000000
  ],
  "level_up_moves": [
    [
      0,
      [
        "GRAFFIO",
        "NORMALE",
        35,
        40,
        100,
        10
      ]
    ],
    [
      1,
      [
        "TURBOSABBIA",
        "NORMALE",
        15,
        0,
        100,
        28
      ]
    ],
    [
      2,
      [
        "",
        "",
        0,
        0,
        0,
        0
      ]
    ],
    [
      3,
      [
        "",
        "",
        0,
        0,
        0,
        0
      ]
    ],
    [
      10,
      [
        "TURBOSABBIA",
        "NORMALE",
        15,
        0,
        100,
        28
      ]
    ],
    [
      17,
      [
        "LACERAZIONE",
        "NORMALE",
        20,
        70,
        100,
        163
      ]
    ],
    [
      27,
      [
        "VELENOSPINA",
        "VELENO",
        35,
        15,
        100,
        40
      ]
    ],
    [
      36,
      [
        "COMETE",
        "NORMALE",
        20,
        60,
        0,
        129
      ]
    ],
    [
      47,
      [
        "SFURIATE",
        "NORMALE",
        15,
        18,
        80,
        154
      ]
    ]
  ]
}