{
  "name": "VONGLO",
  "NO": 90,
  "base_stats": [
    30,
    65,
    100,
    40,
    45,
    7.81
  ],
  "types": [
    "ACQUA",
    "ACQUA"
  ],
  "expected_level": [
    50,
    1250000
  ],
  "level_up_moves": [
    [
      0,
      [
        "AZIONE",
        "NORMALE",
        35,
        35,
        95,
        33
      ]
    ],
    [
      1,
      [
        "RITIRATA",
        "ACQUA",
        40,
        0,
        0,
        110
      ]
    ],
    [
      2,
      [
        "",
        "",
        0,
        0,
        0,
        0
      ]
    ],
    [
      3,
      [
        "",
        "",
        0,
        0,
        0,
        0
      ]
    ],
    [
      18,
      [
        "SUPERSUONO",
        "NORMALE",
        20,
        0,
        55,
        48
      ]
    ],
    [
      23,
      [
        "TENAGLIA",
        "ACQUA",
        10,
        35,
        75,
        128
      ]
    ],
    [
      30,
      [
        "RAGGIAURORA",
        "GHIACCIO",
        20,
        65,
        100,
        62
      ]
    ],
    [
      39,
      [
        "FULMISGUARDO",
        "NORMALE",
        30,
        0,
        100,
        43
      ]
    ],
    [
      50,
      [
        "GELORAGGIO",
        "GHIACCIO",
        10,
        95,
        100,
        58
      ]
    ]
  ]
}