{
  "name": "SHONOLENTO",
  "NO": 79,
  "base_stats": [
    90,
    65,
    65,
    15,
    40,
    2.93
  ],
  "types": [
    "ACQUA",
    "PSICO"
  ],
  "expected_level": [
    54,
    1000000
  ],
  "level_up_moves": [
    [
      0,
      [
        "CONFUSIONE",
        "PSICO",
        25,
        50,
        100,
        93
      ]
    ],
    [
      1,
      [
        "",
        "",
        0,
        0,
        0,
        0
      ]
    ],
    [
      2,
      [
        "",
        "",
        0,
        0,
        0,
        0
      ]
    ],
    [
      3,
      [
        "",
        "",
        0,
        0,
        0,
        0
      ]
    ],
    [
      18,
      [
        "INIBITORE",
        "NORMALE",
        20,
        0,
        55,
        50
      ]
    ],
    [
      22,
      [
        "BOTTINTESTA",
        "NORMALE",
        15,
        70,
        100,
        29
      ]
    ],
    [
      27,
      [
        "RUGGITO",
        "NORMALE",
        40,
        0,
        100,
        45
      ]
    ],
    [
      33,
      [
        "PISTOLACQUA",
        "ACQUA",
        25,
        40,
        100,
        55
      ]
    ],
    [
      40,
      [
        "AMNESIA",
        "PSICO",
        20,
        0,
        0,
        133
      ]
    ],
    [
      48,
      [
        "PSICHICO",
        "PSICO",
        10,
        90,
        100,
        94
      ]
    ]
  ]
}