{
  "name": "BECCRUCCIO",
  "NO": 21,
  "base_stats": [
    40,
    60,
    30,
    70,
    31,
    13.67
  ],
  "types": [
    "NORMALE",
    "VOLANTE"
  ],
  "expected_level": [
    54,
    1000000
  ],
  "level_up_moves": [
    [
      0,
      [
        "BECCATA",
        "VOLANTE",
        35,
        35,
        100,
        64
      ]
    ],
    [
      1,
      [
        "RUGGITO",
        "NORMALE",
        40,
        0,
        100,
        45
      ]
    ],
    [
      2,
      [
        "",
        "",
        0,
        0,
        0,
        0
      ]
    ],
    [
      3,
      [
        "",
        "",
        0,
        0,
        0,
        0
      ]
    ],
    [
      9,
      [
        "FULMISGUARDO",
        "NORMALE",
        30,
        0,
        100,
        43
      ]
    ],
    [
      15,
      [
        "FURIA",
        "NORMALE",
        20,
        15,
        85,
        31
      ]
    ],
    [
      22,
      [
        "SPECULMOSSA",
        "VOLANTE",
        20,
        0,
        0,
        119
      ]
    ],
    [
      29,
      [
        "PERFORBECCO",
        "VOLANTE",
        20,
        80,
        100,
        65
      ]
    ],
    [
      36,
      [
        "AGILIT\u00c0",
        "PSICO",
        30,
        0,
        0,
        97
      ]
    ]
  ]
}