{
  "name": "TARTASPRUZ",
  "NO": 7,
  "base_stats": [
    44,
    48,
    65,
    43,
    50,
    8.4
  ],
  "types": [
    "ACQUA",
    "ACQUA"
  ],
  "expected_level": [
    55,
    1059860
  ],
  "level_up_moves": [
    [
      0,
      [
        "AZIONE",
        "NORMALE",
        35,
        35,
        95,
        33
      ]
    ],
    [
      1,
      [
        "COLPOCODA",
        "NORMALE",
        30,
        0,
        100,
        39
      ]
    ],
    [
      2,
      [
        "",
        "",
        0,
        0,
        0,
        0
      ]
    ],
    [
      3,
      [
        "",
        "",
        0,
        0,
        0,
        0
      ]
    ],
    [
      8,
      [
        "BOLLA",
        "ACQUA",
        30,
        20,
        100,
        145
      ]
    ],
    [
      15,
      [
        "PISTOLACQUA",
        "ACQUA",
        25,
        40,
        100,
        55
      ]
    ],
    [
      22,
      [
        "MORSO",
        "NORMALE",
        25,
        60,
        100,
        44
      ]
    ],
    [
      28,
      [
        "RITIRATA",
        "ACQUA",
        40,
        0,
        0,
        110
      ]
    ],
    [
      35,
      [
        "CAPOCCIATA",
        "NORMALE",
        15,
        100,
        100,
        130
      ]
    ],
    [
      42,
      [
        "IDROPOMPA",
        "ACQUA",
        5,
        120,
        80,
        56
      ]
    ]
  ]
}