{
  "name": "RUBISTELLA",
  "NO": 120,
  "base_stats": [
    30,
    45,
    55,
    85,
    70,
    16.6
  ],
  "types": [
    "ACQUA",
    "ACQUA"
  ],
  "expected_level": [
    50,
    1250000
  ],
  "level_up_moves": [
    [
      0,
      [
        "AZIONE",
        "NORMALE",
        35,
        35,
        95,
        33
      ]
    ],
    [
      1,
      [
        "",
        "",
        0,
        0,
        0,
        0
      ]
    ],
    [
      2,
      [
        "",
        "",
        0,
        0,
        0,
        0
      ]
    ],
    [
      3,
      [
        "",
        "",
        0,
        0,
        0,
        0
      ]
    ],
    [
      17,
      [
        "PISTOLACQUA",
        "ACQUA",
        25,
        40,
        100,
        55
      ]
    ],
    [
      22,
      [
        "RAFFORZATORE",
        "NORMALE",
        30,
        0,
        0,
        106
      ]
    ],
    [
      27,
      [
        "RIPRESA",
        "NORMALE",
        20,
        0,
        0,
        105
      ]
    ],
    [
      32,
      [
        "COMETE",
        "NORMALE",
        20,
        60,
        0,
        129
      ]
    ],
    [
      37,
      [
        "MINIMIZZATO",
        "NORMALE",
        20,
        0,
        0,
        107
      ]
    ],
    [
      42,
      [
        "SCHERMOLUCE",
        "PSICO",
        30,
        0,
        0,
        113
      ]
    ],
    [
      47,
      [
        "IDROPOMPA",
        "ACQUA",
        5,
        120,
        80,
        56
      ]
    ]
  ]
}