{
  "name": "CRISTELLA",
  "NO": 121,
  "base_stats": [
    60,
    75,
    85,
    115,
    100,
    22.46
  ],
  "types": [
    "ACQUA",
    "PSICO"
  ],
  "expected_level": [
    50,
    1250000
  ],
  "level_up_moves": [
    [
      0,
      [
        "AZIONE",
        "NORMALE",
        35,
        35,
        95,
        33
      ]
    ],
    [
      1,
      [
        "PISTOLACQUA",
        "ACQUA",
        25,
        40,
        100,
        55
      ]
    ],
    [
      2,
      [
        "RAFFORZATORE",
        "NORMALE",
        30,
        0,
        0,
        106
      ]
    ],
    [
      3,
      [
        "",
        "",
        0,
        0,
        0,
        0
      ]
    ]
  ]
}