{
  "name": "GROVILIANA",
  "NO": 114,
  "base_stats": [
    65,
    55,
    115,
    60,
    100,
    11.72
  ],
  "types": [
    "ERBA",
    "ERBA"
  ],
  "expected_level": [
    54,
    1000000
  ],
  "level_up_moves": [
    [
      0,
      [
        "LIMITAZIONE",
        "NORMALE",
        35,
        10,
        100,
        132
      ]
    ],
    [
      1,
      [
        "LEGATUTTO",
        "NORMALE",
        20,
        15,
        100,
        20
      ]
    ],
    [
      2,
      [
        "",
        "",
        0,
        0,
        0,
        0
      ]
    ],
    [
      3,
      [
        "",
        "",
        0,
        0,
        0,
        0
      ]
    ],
    [
      29,
      [
        "ASSORBIMENTO",
        "ERBA",
        20,
        20,
        100,
        71
      ]
    ],
    [
      32,
      [
        "VELENPOLVERE",
        "VELENO",
        35,
        0,
        75,
        77
      ]
    ],
    [
      36,
      [
        "PARALIZZANTE",
        "ERBA",
        30,
        0,
        75,
        78
      ]
    ],
    [
      39,
      [
        "SONNIFERO",
        "ERBA",
        15,
        0,
        75,
        79
      ]
    ],
    [
      45,
      [
        "SCHIANTO",
        "NORMALE",
        20,
        80,
        75,
        21
      ]
    ],
    [
      49,
      [
        "CRESCITA",
        "NORMALE",
        40,
        0,
        0,
        74
      ]
    ]
  ]
}