{
  "name": "TAUROS",
  "NO": 128,
  "base_stats": [
    75,
    100,
    95,
    110,
    70,
    21.48
  ],
  "types": [
    "NORMALE",
    "NORMALE"
  ],
  "expected_level": [
    50,
    1250000
  ],
  "level_up_moves": [
    [
      0,
      [
        "AZIONE",
        "NORMALE",
        35,
        35,
        95,
        33
      ]
    ],
    [
      1,
      [
        "",
        "",
        0,
        0,
        0,
        0
      ]
    ],
    [
      2,
      [
        "",
        "",
        0,
        0,
        0,
        0
      ]
    ],
    [
      3,
      [
        "",
        "",
        0,
        0,
        0,
        0
      ]
    ],
    [
      21,
      [
        "PESTONE",
        "NORMALE",
        20,
        65,
        100,
        23
      ]
    ],
    [
      28,
      [
        "COLPOCODA",
        "NORMALE",
        30,
        0,
        100,
        39
      ]
    ],
    [
      35,
      [
        "FULMISGUARDO",
        "NORMALE",
        30,
        0,
        100,
        43
      ]
    ],
    [
      44,
      [
        "IRA",
        "NORMALE",
        20,
        20,
        100,
        99
      ]
    ],
    [
      51,
      [
        "RIDUTTORE",
        "NORMALE",
        20,
        90,
        85,
        36
      ]
    ]
  ]
}