{
  "name": "MEDUSER",
  "NO": 72,
  "base_stats": [
    40,
    40,
    35,
    70,
    100,
    13.67
  ],
  "types": [
    "ACQUA",
    "VELENO"
  ],
  "expected_level": [
    50,
    1250000
  ],
  "level_up_moves": [
    [
      0,
      [
        "ACIDO",
        "VELENO",
        30,
        40,
        100,
        51
      ]
    ],
    [
      1,
      [
        "",
        "",
        0,
        0,
        0,
        0
      ]
    ],
    [
      2,
      [
        "",
        "",
        0,
        0,
        0,
        0
      ]
    ],
    [
      3,
      [
        "",
        "",
        0,
        0,
        0,
        0
      ]
    ],
    [
      7,
      [
        "SUPERSUONO",
        "NORMALE",
        20,
        0,
        55,
        48
      ]
    ],
    [
      13,
      [
        "AVVOLGIBOTTA",
        "NORMALE",
        20,
        15,
        85,
        35
      ]
    ],
    [
      18,
      [
        "VELENOSPINA",
        "VELENO",
        35,
        15,
        100,
        40
      ]
    ],
    [
      22,
      [
        "PISTOLACQUA",
        "ACQUA",
        25,
        40,
        100,
        55
      ]
    ],
    [
      27,
      [
        "LIMITAZIONE",
        "NORMALE",
        35,
        10,
        100,
        132
      ]
    ],
    [
      33,
      [
        "BARRIERA",
        "PSICO",
        30,
        0,
        0,
        112
      ]
    ],
    [
      40,
      [
        "STRIDIO",
        "NORMALE",
        40,
        0,
        85,
        103
      ]
    ],
    [
      48,
      [
        "IDROPOMPA",
        "ACQUA",
        5,
        120,
        80,
        56
      ]
    ]
  ]
}