{
  "name": "AQUAEON",
  "NO": 134,
  "base_stats": [
    130,
    65,
    60,
    65,
    110,
    12.7
  ],
  "types": [
    "ACQUA",
    "ACQUA"
  ],
  "expected_level": [
    54,
    1000000
  ],
  "level_up_moves": [
    [
      0,
      [
        "AZIONE",
        "NORMALE",
        35,
        35,
        95,
        33
      ]
    ],
    [
      1,
      [
        "TURBOSABBIA",
        "NORMALE",
        15,
        0,
        100,
        28
      ]
    ],
    [
      2,
      [
        "ATT. RAPIDO",
        "NORMALE",
        30,
        40,
        100,
        98
      ]
    ],
    [
      3,
      [
        "PISTOLACQUA",
        "ACQUA",
        25,
        40,
        100,
        55
      ]
    ],
    [
      27,
      [
        "ATT. RAPIDO",
        "NORMALE",
        30,
        40,
        100,
        98
      ]
    ],
    [
      31,
      [
        "PISTOLACQUA",
        "ACQUA",
        25,
        40,
        100,
        55
      ]
    ],
    [
      37,
      [
        "COLPOCODA",
        "NORMALE",
        30,
        0,
        100,
        39
      ]
    ],
    [
      40,
      [
        "MORSO",
        "NORMALE",
        25,
        60,
        100,
        44
      ]
    ],
    [
      42,
      [
        "SCUDO ACIDO",
        "VELENO",
        40,
        0,
        0,
        151
      ]
    ],
    [
      44,
      [
        "NUBE",
        "GHIACCIO",
        30,
        0,
        0,
        114
      ]
    ],
    [
      48,
      [
        "NEBBIA",
        "GHIACCIO",
        30,
        0,
        0,
        54
      ]
    ],
    [
      54,
      [
        "IDROPOMPA",
        "ACQUA",
        5,
        120,
        80,
        56
      ]
    ]
  ]
}