{
  "name": "GIUBILESCA",
  "NO": 71,
  "base_stats": [
    80,
    105,
    65,
    70,
    100,
    13.67
  ],
  "types": [
    "ERBA",
    "VELENO"
  ],
  "expected_level": [
    55,
    1059860
  ],
  "level_up_moves": [
    [
      0,
      [
        "SONNIFERO",
        "ERBA",
        15,
        0,
        75,
        79
      ]
    ],
    [
      1,
      [
        "PARALIZZANTE",
        "ERBA",
        30,
        0,
        75,
        78
      ]
    ],
    [
      2,
      [
        "ACIDO",
        "VELENO",
        30,
        40,
        100,
        51
      ]
    ],
    [
      3,
      [
        "FOGLIELAMA",
        "ERBA",
        25,
        55,
        95,
        75
      ]
    ]
  ]
}