{
  "name": "RAFFLETORE",
  "NO": 45,
  "base_stats": [
    75,
    80,
    85,
    50,
    100,
    9.77
  ],
  "types": [
    "ERBA",
    "VELENO"
  ],
  "expected_level": [
    55,
    1059860
  ],
  "level_up_moves": [
    [
      0,
      [
        "PARALIZZANTE",
        "ERBA",
        30,
        0,
        75,
        78
      ]
    ],
    [
      1,
      [
        "SONNIFERO",
        "ERBA",
        15,
        0,
        75,
        79
      ]
    ],
    [
      2,
      [
        "ACIDO",
        "VELENO",
        30,
        40,
        100,
        51
      ]
    ],
    [
      3,
      [
        "PETALODANZA",
        "ERBA",
        20,
        70,
        100,
        80
      ]
    ],
    [
      15,
      [
        "VELENPOLVERE",
        "VELENO",
        35,
        0,
        75,
        77
      ]
    ],
    [
      17,
      [
        "PARALIZZANTE",
        "ERBA",
        30,
        0,
        75,
        78
      ]
    ],
    [
      19,
      [
        "SONNIFERO",
        "ERBA",
        15,
        0,
        75,
        79
      ]
    ]
  ]
}