{
  "name": "VULPEX",
  "NO": 37,
  "base_stats": [
    38,
    41,
    40,
    65,
    65,
    12.7
  ],
  "types": [
    "FUOCO",
    "FUOCO"
  ],
  "expected_level": [
    54,
    1000000
  ],
  "level_up_moves": [
    [
      0,
      [
        "BRACIERE",
        "FUOCO",
        25,
        40,
        100,
        52
      ]
    ],
    [
      1,
      [
        "COLPOCODA",
        "NORMALE",
        30,
        0,
        100,
        39
      ]
    ],
    [
      2,
      [
        "",
        "",
        0,
        0,
        0,
        0
      ]
    ],
    [
      3,
      [
        "",
        "",
        0,
        0,
        0,
        0
      ]
    ],
    [
      16,
      [
        "ATT. RAPIDO",
        "NORMALE",
        30,
        40,
        100,
        98
      ]
    ],
    [
      21,
      [
        "BOATO",
        "NORMALE",
        20,
        0,
        100,
        46
      ]
    ],
    [
      28,
      [
        "STORDIRAGGIO",
        "SPETTRO",
        10,
        0,
        100,
        109
      ]
    ],
    [
      35,
      [
        "LANCIAFIAMME",
        "FUOCO",
        15,
        95,
        100,
        53
      ]
    ],
    [
      42,
      [
        "TURBOFUOCO",
        "FUOCO",
        15,
        15,
        70,
        83
      ]
    ]
  ]
}