{
  "name": "TRIVERRME",
  "NO": 13,
  "base_stats": [
    40,
    35,
    30,
    50,
    20,
    9.77
  ],
  "types": [
    "INSETTO",
    "VELENO"
  ],
  "expected_level": [
    54,
    1000000
  ],
  "level_up_moves": [
    [
      0,
      [
        "VELENOSPINA",
        "VELENO",
        35,
        15,
        100,
        40
      ]
    ],
    [
      1,
      [
        "MILLEBAVE",
        "COLEOTT",
        40,
        0,
        95,
        81
      ]
    ],
    [
      2,
      [
        "",
        "",
        0,
        0,
        0,
        0
      ]
    ],
    [
      3,
      [
        "",
        "",
        0,
        0,
        0,
        0
      ]
    ]
  ]
}