{
  "name": "BAVORDONG",
  "NO": 70,
  "base_stats": [
    65,
    90,
    50,
    55,
    85,
    10.74
  ],
  "types": [
    "ERBA",
    "VELENO"
  ],
  "expected_level": [
    55,
    1059860
  ],
  "level_up_moves": [
    [
      0,
      [
        "FRUSTATA",
        "ERBA",
        10,
        35,
        100,
        22
      ]
    ],
    [
      1,
      [
        "CRESCITA",
        "NORMALE",
        40,
        0,
        0,
        74
      ]
    ],
    [
      2,
      [
        "AVVOLGIBOTTA",
        "NORMALE",
        20,
        15,
        85,
        35
      ]
    ],
    [
      3,
      [
        "",
        "",
        0,
        0,
        0,
        0
      ]
    ],
    [
      13,
      [
        "AVVOLGIBOTTA",
        "NORMALE",
        20,
        15,
        85,
        35
      ]
    ],
    [
      15,
      [
        "VELENPOLVERE",
        "VELENO",
        35,
        0,
        75,
        77
      ]
    ],
    [
      18,
      [
        "SONNIFERO",
        "ERBA",
        15,
        0,
        75,
        79
      ]
    ],
    [
      23,
      [
        "PARALIZZANTE",
        "ERBA",
        30,
        0,
        75,
        78
      ]
    ],
    [
      29,
      [
        "ACIDO",
        "VELENO",
        30,
        40,
        100,
        51
      ]
    ],
    [
      38,
      [
        "FOGLIELAMA",
        "ERBA",
        25,
        55,
        95,
        75
      ]
    ],
    [
      49,
      [
        "SCHIANTO",
        "NORMALE",
        20,
        80,
        75,
        21
      ]
    ]
  ]
}