{
  "name": "DUUMVIRALE",
  "NO": 110,
  "base_stats": [
    65,
    90,
    120,
    60,
    85,
    11.72
  ],
  "types": [
    "VELENO",
    "VELENO"
  ],
  "expected_level": [
    54,
    1000000
  ],
  "level_up_moves": [
    [
      0,
      [
        "AZIONE",
        "NORMALE",
        35,
        35,
        95,
        33
      ]
    ],
    [
      1,
      [
        "SMOG",
        "VELENO",
        20,
        20,
        70,
        123
      ]
    ],
    [
      2,
      [
        "FANGO",
        "VELENO",
        20,
        65,
        100,
        124
      ]
    ],
    [
      3,
      [
        "",
        "",
        0,
        0,
        0,
        0
      ]
    ],
    [
      32,
      [
        "FANGO",
        "VELENO",
        20,
        65,
        100,
        124
      ]
    ],
    [
      39,
      [
        "MURO DI FUMO",
        "NORMALE",
        20,
        0,
        100,
        108
      ]
    ],
    [
      43,
      [
        "AUTODISTRUZ.",
        "NORMALE",
        5,
        130,
        100,
        120
      ]
    ],
    [
      49,
      [
        "NUBE",
        "GHIACCIO",
        30,
        0,
        0,
        114
      ]
    ],
    [
      53,
      [
        "ESPLOSIONE",
        "NORMALE",
        5,
        170,
        100,
        153
      ]
    ]
  ]
}