{
  "name": "MORBIDOLCE",
  "NO": 40,
  "base_stats": [
    140,
    70,
    45,
    45,
    50,
    8.79
  ],
  "types": [
    "NORMALE",
    "NORMALE"
  ],
  "expected_level": [
    58,
    800000
  ],
  "level_up_moves": [
    [
      0,
      [
        "CANTO",
        "NORMALE",
        15,
        0,
        55,
        47
      ]
    ],
    [
      1,
      [
        "INIBITORE",
        "NORMALE",
        20,
        0,
        55,
        50
      ]
    ],
    [
      2,
      [
        "RICCIOLSCUDO",
        "NORMALE",
        40,
        0,
        0,
        111
      ]
    ],
    [
      3,
      [
        "DOPPIASBERLA",
        "NORMALE",
        10,
        15,
        85,
        3
      ]
    ]
  ]
}