{
  "name": "ZAPDOS",
  "NO": 145,
  "base_stats": [
    90,
    90,
    85,
    100,
    125,
    19.53
  ],
  "types": [
    "ELETTRO",
    "VOLANTE"
  ],
  "expected_level": [
    50,
    1250000
  ],
  "level_up_moves": [
    [
      0,
      [
        "TUONOSHOCK",
        "ELETTRO",
        30,
        40,
        100,
        84
      ]
    ],
    [
      1,
      [
        "PERFORBECCO",
        "VOLANTE",
        20,
        80,
        100,
        65
      ]
    ],
    [
      2,
      [
        "",
        "",
        0,
        0,
        0,
        0
      ]
    ],
    [
      3,
      [
        "",
        "",
        0,
        0,
        0,
        0
      ]
    ],
    [
      51,
      [
        "TUONO",
        "ELETTRO",
        10,
        120,
        70,
        87
      ]
    ],
    [
      55,
      [
        "AGILIT\u00c0",
        "PSICO",
        30,
        0,
        0,
        97
      ]
    ],
    [
      60,
      [
        "SCHERMOLUCE",
        "PSICO",
        30,
        0,
        0,
        113
      ]
    ]
  ]
}