{
  "name": "PIPISTRIDO",
  "NO": 41,
  "base_stats": [
    40,
    45,
    35,
    55,
    40,
    10.74
  ],
  "types": [
    "VELENO",
    "VOLANTE"
  ],
  "expected_level": [
    54,
    1000000
  ],
  "level_up_moves": [
    [
      0,
      [
        "SANGUISUGA",
        "COLEOTT",
        15,
        20,
        100,
        141
      ]
    ],
    [
      1,
      [
        "",
        "",
        0,
        0,
        0,
        0
      ]
    ],
    [
      2,
      [
        "",
        "",
        0,
        0,
        0,
        0
      ]
    ],
    [
      3,
      [
        "",
        "",
        0,
        0,
        0,
        0
      ]
    ],
    [
      10,
      [
        "SUPERSUONO",
        "NORMALE",
        20,
        0,
        55,
        48
      ]
    ],
    [
      15,
      [
        "MORSO",
        "NORMALE",
        25,
        60,
        100,
        44
      ]
    ],
    [
      21,
      [
        "STORDIRAGGIO",
        "SPETTRO",
        10,
        0,
        100,
        109
      ]
    ],
    [
      28,
      [
        "ATT. D'ALA",
        "VOLANTE",
        35,
        35,
        100,
        17
      ]
    ],
    [
      36,
      [
        "NUBE",
        "GHIACCIO",
        30,
        0,
        0,
        114
      ]
    ]
  ]
}