{
  "name": "TREMU'",
  "NO": 85,
  "base_stats": [
    60,
    110,
    70,
    100,
    60,
    19.53
  ],
  "types": [
    "NORMALE",
    "VOLANTE"
  ],
  "expected_level": [
    54,
    1000000
  ],
  "level_up_moves": [
    [
      0,
      [
        "BECCATA",
        "VOLANTE",
        35,
        35,
        100,
        64
      ]
    ],
    [
      1,
      [
        "RUGGITO",
        "NORMALE",
        40,
        0,
        100,
        45
      ]
    ],
    [
      2,
      [
        "FURIA",
        "NORMALE",
        20,
        15,
        85,
        31
      ]
    ],
    [
      3,
      [
        "",
        "",
        0,
        0,
        0,
        0
      ]
    ],
    [
      20,
      [
        "RUGGITO",
        "NORMALE",
        40,
        0,
        100,
        45
      ]
    ],
    [
      24,
      [
        "FURIA",
        "NORMALE",
        20,
        15,
        85,
        31
      ]
    ],
    [
      30,
      [
        "PERFORBECCO",
        "VOLANTE",
        20,
        80,
        100,
        65
      ]
    ],
    [
      39,
      [
        "IRA",
        "NORMALE",
        20,
        20,
        100,
        99
      ]
    ],
    [
      45,
      [
        "TRIPLETTA",
        "NORMALE",
        10,
        80,
        100,
        161
      ]
    ],
    [
      51,
      [
        "AGILIT\u00c0",
        "PSICO",
        30,
        0,
        0,
        97
      ]
    ]
  ]
}