{
  "name": "PUGNILE",
  "NO": 107,
  "base_stats": [
    50,
    105,
    79,
    76,
    35,
    14.84
  ],
  "types": [
    "LOTTA",
    "LOTTA"
  ],
  "expected_level": [
    54,
    1000000
  ],
  "level_up_moves": [
    [
      0,
      [
        "COMETAPUGNO",
        "NORMALE",
        15,
        18,
        85,
        4
      ]
    ],
    [
      1,
      [
        "AGILIT\u00c0",
        "PSICO",
        30,
        0,
        0,
        97
      ]
    ],
    [
      2,
      [
        "",
        "",
        0,
        0,
        0,
        0
      ]
    ],
    [
      3,
      [
        "",
        "",
        0,
        0,
        0,
        0
      ]
    ],
    [
      33,
      [
        "FUOCOPUGNO",
        "FUOCO",
        15,
        75,
        100,
        7
      ]
    ],
    [
      38,
      [
        "GELOPUGNO",
        "GHIACCIO",
        15,
        75,
        100,
        8
      ]
    ],
    [
      43,
      [
        "TUONOPUGNO",
        "ELETTRO",
        15,
        75,
        100,
        9
      ]
    ],
    [
      48,
      [
        "MEGAPUGNO",
        "NORMALE",
        20,
        80,
        85,
        5
      ]
    ],
    [
      53,
      [
        "CONTRATTACCO",
        "LOTTA",
        20,
        0,
        100,
        68
      ]
    ]
  ]
}