{
  "name": "ROTONDOLCE",
  "NO": 39,
  "base_stats": [
    115,
    45,
    20,
    20,
    25,
    3.91
  ],
  "types": [
    "NORMALE",
    "NORMALE"
  ],
  "expected_level": [
    58,
    800000
  ],
  "level_up_moves": [
    [
      0,
      [
        "CANTO",
        "NORMALE",
        15,
        0,
        55,
        47
      ]
    ],
    [
      1,
      [
        "",
        "",
        0,
        0,
        0,
        0
      ]
    ],
    [
      2,
      [
        "",
        "",
        0,
        0,
        0,
        0
      ]
    ],
    [
      3,
      [
        "",
        "",
        0,
        0,
        0,
        0
      ]
    ],
    [
      9,
      [
        "BOTTA",
        "NORMALE",
        35,
        40,
        100,
        1
      ]
    ],
    [
      14,
      [
        "INIBITORE",
        "NORMALE",
        20,
        0,
        55,
        50
      ]
    ],
    [
      19,
      [
        "RICCIOLSCUDO",
        "NORMALE",
        40,
        0,
        0,
        111
      ]
    ],
    [
      24,
      [
        "DOPPIASBERLA",
        "NORMALE",
        10,
        15,
        85,
        3
      ]
    ],
    [
      29,
      [
        "RIPOSO",
        "PSICO",
        10,
        0,
        0,
        156
      ]
    ],
    [
      34,
      [
        "BODY SLAM",
        "NORMALE",
        15,
        85,
        100,
        34
      ]
    ],
    [
      39,
      [
        "SDOPPIATORE",
        "NORMALE",
        15,
        100,
        100,
        38
      ]
    ]
  ]
}