{
  "name": "LABBRIVIDA",
  "NO": 124,
  "base_stats": [
    65,
    50,
    35,
    95,
    95,
    18.55
  ],
  "types": [
    "GHIACCIO",
    "PSICO"
  ],
  "expected_level": [
    54,
    1000000
  ],
  "level_up_moves": [
    [
      0,
      [
        "BOTTA",
        "NORMALE",
        35,
        40,
        100,
        1
      ]
    ],
    [
      1,
      [
        "DEMONBACIO",
        "NORMALE",
        10,
        0,
        75,
        142
      ]
    ],
    [
      2,
      [
        "",
        "",
        0,
        0,
        0,
        0
      ]
    ],
    [
      3,
      [
        "",
        "",
        0,
        0,
        0,
        0
      ]
    ],
    [
      18,
      [
        "LECCATA",
        "SPETTRO",
        30,
        20,
        100,
        122
      ]
    ],
    [
      23,
      [
        "DOPPIASBERLA",
        "NORMALE",
        10,
        15,
        85,
        3
      ]
    ],
    [
      31,
      [
        "GELOPUGNO",
        "GHIACCIO",
        15,
        75,
        100,
        8
      ]
    ],
    [
      39,
      [
        "BODY SLAM",
        "NORMALE",
        15,
        85,
        100,
        34
      ]
    ],
    [
      47,
      [
        "COLPO",
        "NORMALE",
        20,
        90,
        100,
        37
      ]
    ],
    [
      58,
      [
        "BORA",
        "GHIACCIO",
        5,
        120,
        90,
        59
      ]
    ]
  ]
}