{
  "name": "MACRACK",
  "NO": 56,
  "base_stats": [
    40,
    80,
    35,
    70,
    35,
    13.67
  ],
  "types": [
    "LOTTA",
    "LOTTA"
  ],
  "expected_level": [
    54,
    1000000
  ],
  "level_up_moves": [
    [
      0,
      [
        "GRAFFIO",
        "NORMALE",
        35,
        40,
        100,
        10
      ]
    ],
    [
      1,
      [
        "FULMISGUARDO",
        "NORMALE",
        30,
        0,
        100,
        43
      ]
    ],
    [
      2,
      [
        "",
        "",
        0,
        0,
        0,
        0
      ]
    ],
    [
      3,
      [
        "",
        "",
        0,
        0,
        0,
        0
      ]
    ],
    [
      15,
      [
        "COLPOKARATE",
        "NORMALE",
        25,
        50,
        100,
        2
      ]
    ],
    [
      21,
      [
        "SFURIATE",
        "NORMALE",
        15,
        18,
        80,
        154
      ]
    ],
    [
      27,
      [
        "FOCALENERGIA",
        "NORMALE",
        30,
        0,
        0,
        116
      ]
    ],
    [
      33,
      [
        "MOV SISMICO",
        "LOTTA",
        20,
        0,
        100,
        69
      ]
    ],
    [
      39,
      [
        "COLPO",
        "NORMALE",
        20,
        90,
        100,
        37
      ]
    ]
  ]
}