{
  "name": "PATRATRATT",
  "NO": 20,
  "base_stats": [
    55,
    81,
    60,
    97,
    50,
    18.95
  ],
  "types": [
    "NORMALE",
    "NORMALE"
  ],
  "expected_level": [
    54,
    1000000
  ],
  "level_up_moves": [
    [
      0,
      [
        "AZIONE",
        "NORMALE",
        35,
        35,
        95,
        33
      ]
    ],
    [
      1,
      [
        "COLPOCODA",
        "NORMALE",
        30,
        0,
        100,
        39
      ]
    ],
    [
      2,
      [
        "ATT. RAPIDO",
        "NORMALE",
        30,
        40,
        100,
        98
      ]
    ],
    [
      3,
      [
        "",
        "",
        0,
        0,
        0,
        0
      ]
    ],
    [
      7,
      [
        "ATT. RAPIDO",
        "NORMALE",
        30,
        40,
        100,
        98
      ]
    ],
    [
      14,
      [
        "IPERZANNA",
        "NORMALE",
        15,
        80,
        90,
        158
      ]
    ],
    [
      27,
      [
        "FOCALENERGIA",
        "NORMALE",
        30,
        0,
        0,
        116
      ]
    ],
    [
      41,
      [
        "SUPERZANNA",
        "NORMALE",
        10,
        0,
        90,
        162
      ]
    ]
  ]
}