{
  "name": "RONRONFO",
  "NO": 143,
  "base_stats": [
    160,
    110,
    65,
    30,
    65,
    5.86
  ],
  "types": [
    "NORMALE",
    "NORMALE"
  ],
  "expected_level": [
    50,
    1250000
  ],
  "level_up_moves": [
    [
      0,
      [
        "BOTTINTESTA",
        "NORMALE",
        15,
        70,
        100,
        29
      ]
    ],
    [
      1,
      [
        "AMNESIA",
        "PSICO",
        20,
        0,
        0,
        133
      ]
    ],
    [
      2,
      [
        "RIPOSO",
        "PSICO",
        10,
        0,
        0,
        156
      ]
    ],
    [
      3,
      [
        "",
        "",
        0,
        0,
        0,
        0
      ]
    ],
    [
      35,
      [
        "BODY SLAM",
        "NORMALE",
        15,
        85,
        100,
        34
      ]
    ],
    [
      41,
      [
        "RAFFORZATORE",
        "NORMALE",
        30,
        0,
        0,
        106
      ]
    ],
    [
      48,
      [
        "SDOPPIATORE",
        "NORMALE",
        15,
        100,
        100,
        38
      ]
    ],
    [
      56,
      [
        "IPERRAGGIO",
        "NORMALE",
        5,
        150,
        90,
        63
      ]
    ]
  ]
}