{
  "name": "VELENA",
  "NO": 49,
  "base_stats": [
    70,
    65,
    60,
    90,
    90,
    17.58
  ],
  "types": [
    "COLEOTT",
    "VELENO"
  ],
  "expected_level": [
    54,
    1000000
  ],
  "level_up_moves": [
    [
      0,
      [
        "AZIONE",
        "NORMALE",
        35,
        35,
        95,
        33
      ]
    ],
    [
      1,
      [
        "INIBITORE",
        "NORMALE",
        20,
        0,
        55,
        50
      ]
    ],
    [
      2,
      [
        "VELENPOLVERE",
        "VELENO",
        35,
        0,
        75,
        77
      ]
    ],
    [
      3,
      [
        "SANGUISUGA",
        "COLEOTT",
        15,
        20,
        100,
        141
      ]
    ],
    [
      24,
      [
        "VELENPOLVERE",
        "VELENO",
        35,
        0,
        75,
        77
      ]
    ],
    [
      27,
      [
        "SANGUISUGA",
        "COLEOTT",
        15,
        20,
        100,
        141
      ]
    ],
    [
      30,
      [
        "PARALIZZANTE",
        "ERBA",
        30,
        0,
        75,
        78
      ]
    ],
    [
      38,
      [
        "PSICORAGGIO",
        "PSICO",
        20,
        65,
        100,
        60
      ]
    ],
    [
      43,
      [
        "SONNIFERO",
        "ERBA",
        15,
        0,
        75,
        79
      ]
    ],
    [
      50,
      [
        "PSICHICO",
        "PSICO",
        10,
        90,
        100,
        94
      ]
    ]
  ]
}