{
  "name": "MERAVISAUR",
  "NO": 3,
  "base_stats": [
    80,
    82,
    83,
    80,
    100,
    15.62
  ],
  "types": [
    "ERBA",
    "VELENO"
  ],
  "expected_level": [
    55,
    1059860
  ],
  "level_up_moves": [
    [
      0,
      [
        "AZIONE",
        "NORMALE",
        35,
        35,
        95,
        33
      ]
    ],
    [
      1,
      [
        "RUGGITO",
        "NORMALE",
        40,
        0,
        100,
        45
      ]
    ],
    [
      2,
      [
        "PARASSISEME",
        "ERBA",
        10,
        0,
        90,
        73
      ]
    ],
    [
      3,
      [
        "FRUSTATA",
        "ERBA",
        10,
        35,
        100,
        22
      ]
    ],
    [
      7,
      [
        "PARASSISEME",
        "ERBA",
        10,
        0,
        90,
        73
      ]
    ],
    [
      13,
      [
        "FRUSTATA",
        "ERBA",
        10,
        35,
        100,
        22
      ]
    ],
    [
      22,
      [
        "VELENPOLVERE",
        "VELENO",
        35,
        0,
        75,
        77
      ]
    ],
    [
      30,
      [
        "FOGLIELAMA",
        "ERBA",
        25,
        55,
        95,
        75
      ]
    ],
    [
      43,
      [
        "CRESCITA",
        "NORMALE",
        40,
        0,
        0,
        74
      ]
    ],
    [
      55,
      [
        "SONNIFERO",
        "ERBA",
        15,
        0,
        75,
        79
      ]
    ],
    [
      65,
      [
        "SOLARRAGGIO",
        "ERBA",
        10,
        120,
        100,
        76
      ]
    ]
  ]
}